/*
MySQL Backup
Source Server Version: 5.5.40
Source Database: juzi
Date: 2015/4/6 19:42:59
*/

SET FOREIGN_KEY_CHECKS=0;

-- ----------------------------
--  Table structure for `activity`
-- ----------------------------
DROP TABLE IF EXISTS `activity`;
CREATE TABLE `activity` (
  `Id` int(11) NOT NULL AUTO_INCREMENT,
  `Href` varchar(255) DEFAULT '',
  `ThumURL` varchar(255) DEFAULT NULL,
  `ImgURL` varchar(255) DEFAULT '',
  `Title` varchar(255) DEFAULT '',
  `Presentation` varchar(255) DEFAULT '',
  `Contents` text,
  `CreateTime` int(11) DEFAULT '0',
  `Status` int(11) DEFAULT '0',
  `IsHot` int(1) DEFAULT '0',
  `IsTop` int(1) DEFAULT '0',
  `IsGoods` int(1) DEFAULT '0' COMMENT '是否是商品',
  PRIMARY KEY (`Id`)
) ENGINE=InnoDB AUTO_INCREMENT=95 DEFAULT CHARSET=utf8;

-- ----------------------------
--  Table structure for `alipay`
-- ----------------------------
DROP TABLE IF EXISTS `alipay`;
CREATE TABLE `alipay` (
  `TradeNo` varchar(255) NOT NULL,
  `TradeTailNo` varchar(255) NOT NULL DEFAULT '' COMMENT '订单尾号',
  `Name` varchar(255) NOT NULL,
  `Amount` decimal(11,2) NOT NULL,
  `Remark` varchar(500) NOT NULL,
  `Status` varchar(255) NOT NULL,
  `CreateTime` int(11) NOT NULL,
  `Enabled` int(1) NOT NULL DEFAULT '0',
  PRIMARY KEY (`TradeNo`)
) ENGINE=InnoDB DEFAULT CHARSET=utf8;

-- ----------------------------
--  Table structure for `alipay_order`
-- ----------------------------
DROP TABLE IF EXISTS `alipay_order`;
CREATE TABLE `alipay_order` (
  `TradeCode` varchar(255) NOT NULL,
  `TradeNo` varchar(255) DEFAULT NULL,
  `Money` decimal(11,2) DEFAULT '0.00',
  `Status` int(255) DEFAULT '0',
  `CreateTime` int(11) DEFAULT '0',
  `UpdateTime` int(11) DEFAULT '0',
  `BuyerId` varchar(255) DEFAULT '',
  `BuyEmail` varchar(255) DEFAULT '',
  PRIMARY KEY (`TradeCode`)
) ENGINE=InnoDB DEFAULT CHARSET=utf8;

-- ----------------------------
--  Table structure for `appkey`
-- ----------------------------
DROP TABLE IF EXISTS `appkey`;
CREATE TABLE `appkey` (
  `Id` int(11) NOT NULL,
  `Key` varchar(255) NOT NULL,
  `Note` varchar(255) DEFAULT NULL,
  `Status` varchar(255) DEFAULT NULL,
  PRIMARY KEY (`Id`)
) ENGINE=InnoDB DEFAULT CHARSET=utf8;

-- ----------------------------
--  Table structure for `attention`
-- ----------------------------
DROP TABLE IF EXISTS `attention`;
CREATE TABLE `attention` (
  `UserId` bigint(20) DEFAULT NULL,
  `AttentionId` bigint(20) DEFAULT NULL COMMENT '被关注id',
  `CreateTime` int(11) DEFAULT NULL
) ENGINE=InnoDB DEFAULT CHARSET=utf8;

-- ----------------------------
--  Table structure for `favorite`
-- ----------------------------
DROP TABLE IF EXISTS `favorite`;
CREATE TABLE `favorite` (
  `Id` bigint(20) NOT NULL AUTO_INCREMENT,
  `UserId` bigint(20) NOT NULL,
  `GoodsId` bigint(20) DEFAULT NULL,
  `CreateTime` int(11) NOT NULL,
  `Status` int(11) DEFAULT NULL,
  PRIMARY KEY (`Id`)
) ENGINE=InnoDB AUTO_INCREMENT=57 DEFAULT CHARSET=utf8;

-- ----------------------------
--  Table structure for `feedback`
-- ----------------------------
DROP TABLE IF EXISTS `feedback`;
CREATE TABLE `feedback` (
  `Id` int(11) NOT NULL AUTO_INCREMENT,
  `UserId` int(11) NOT NULL,
  `Name` varchar(30) NOT NULL,
  `Email` varchar(100) NOT NULL,
  `Contents` text NOT NULL,
  `Status` int(10) NOT NULL DEFAULT '0',
  `CreateTime` int(11) NOT NULL,
  `Reply` text,
  PRIMARY KEY (`Id`)
) ENGINE=InnoDB DEFAULT CHARSET=utf8;

-- ----------------------------
--  Table structure for `gift`
-- ----------------------------
DROP TABLE IF EXISTS `gift`;
CREATE TABLE `gift` (
  `Id` int(11) NOT NULL AUTO_INCREMENT,
  `Name` varchar(255) NOT NULL,
  `Amount` int(11) NOT NULL,
  `Price` int(11) NOT NULL,
  `ImgURL` varchar(255) NOT NULL,
  `Status` int(11) DEFAULT NULL,
  `CreateTime` int(11) NOT NULL,
  PRIMARY KEY (`Id`)
) ENGINE=InnoDB AUTO_INCREMENT=2 DEFAULT CHARSET=utf8;

-- ----------------------------
--  Table structure for `gift_order`
-- ----------------------------
DROP TABLE IF EXISTS `gift_order`;
CREATE TABLE `gift_order` (
  `Id` int(11) NOT NULL AUTO_INCREMENT,
  `giftId` int(11) NOT NULL,
  `UserId` int(11) NOT NULL,
  `Amount` int(11) NOT NULL,
  `AddressId` int(11) NOT NULL,
  `CreateTime` int(20) NOT NULL,
  `Status` int(11) NOT NULL,
  PRIMARY KEY (`Id`)
) ENGINE=InnoDB DEFAULT CHARSET=utf8;

-- ----------------------------
--  Table structure for `goods`
-- ----------------------------
DROP TABLE IF EXISTS `goods`;
CREATE TABLE `goods` (
  `Id` bigint(20) NOT NULL AUTO_INCREMENT,
  `UserId` bigint(20) NOT NULL DEFAULT '0',
  `Title` varchar(255) DEFAULT NULL,
  `Price` decimal(10,0) DEFAULT '0' COMMENT '价格',
  `CostPrice` decimal(10,0) DEFAULT '0' COMMENT '原价',
  `CreateTime` int(11) DEFAULT NULL,
  `Presentation` text COMMENT '简介',
  `CategoryId` int(11) DEFAULT NULL COMMENT '分类',
  `AddressId` bigint(20) DEFAULT NULL COMMENT '地址',
  `Views` int(11) DEFAULT '0' COMMENT '点击量',
  `Collection` int(11) DEFAULT '0' COMMENT '被收藏量',
  `IsTop` bit(1) DEFAULT b'0' COMMENT '是否置顶',
  `CommentCount` int(11) DEFAULT '0' COMMENT '评论数',
  `TradeWay` int(11) DEFAULT NULL COMMENT '交易方式',
  `TradeWayTxt` varchar(255) DEFAULT NULL,
  `Status` int(11) DEFAULT '0',
  PRIMARY KEY (`Id`)
) ENGINE=InnoDB AUTO_INCREMENT=613 DEFAULT CHARSET=utf8;

-- ----------------------------
--  Table structure for `goods_bargain`
-- ----------------------------
DROP TABLE IF EXISTS `goods_bargain`;
CREATE TABLE `goods_bargain` (
  `GoodsId` bigint(20) NOT NULL,
  `BuyerId` bigint(20) NOT NULL,
  `SellerId` bigint(20) NOT NULL,
  `IsAccept` int(255) DEFAULT NULL COMMENT '是否同意',
  `BargainTime` datetime DEFAULT NULL COMMENT '砍价时间'
) ENGINE=InnoDB DEFAULT CHARSET=utf8;

-- ----------------------------
--  Table structure for `goods_category`
-- ----------------------------
DROP TABLE IF EXISTS `goods_category`;
CREATE TABLE `goods_category` (
  `Id` bigint(20) NOT NULL AUTO_INCREMENT,
  `Title` varchar(255) NOT NULL,
  `Presentation` varchar(255) DEFAULT NULL COMMENT '描述',
  `Status` int(11) DEFAULT NULL,
  `Hot` varchar(10) DEFAULT NULL,
  PRIMARY KEY (`Id`)
) ENGINE=InnoDB AUTO_INCREMENT=71 DEFAULT CHARSET=utf8;

-- ----------------------------
--  Table structure for `goods_category_keyword`
-- ----------------------------
DROP TABLE IF EXISTS `goods_category_keyword`;
CREATE TABLE `goods_category_keyword` (
  `Id` bigint(20) NOT NULL AUTO_INCREMENT,
  `CategoryId` bigint(20) NOT NULL,
  `Keyword` varchar(255) NOT NULL,
  `Status` int(255) DEFAULT NULL,
  `Hot` int(255) DEFAULT '0' COMMENT '热度',
  `Priority` int(255) DEFAULT '0',
  PRIMARY KEY (`Id`)
) ENGINE=InnoDB AUTO_INCREMENT=1134 DEFAULT CHARSET=utf8;

-- ----------------------------
--  Table structure for `goods_comment`
-- ----------------------------
DROP TABLE IF EXISTS `goods_comment`;
CREATE TABLE `goods_comment` (
  `Id` bigint(20) NOT NULL AUTO_INCREMENT,
  `GoodsId` bigint(20) NOT NULL,
  `Content` varchar(255) NOT NULL COMMENT '评论内容',
  `CreateTime` int(11) NOT NULL COMMENT '评论时间',
  `UserId` bigint(20) NOT NULL COMMENT '评论人',
  `AssesseeId` bigint(20) DEFAULT '0' COMMENT '被评论的人',
  `ReplyId` bigint(20) DEFAULT NULL,
  `Status` int(11) DEFAULT NULL,
  PRIMARY KEY (`Id`)
) ENGINE=InnoDB AUTO_INCREMENT=393 DEFAULT CHARSET=utf8;

-- ----------------------------
--  Table structure for `goods_img`
-- ----------------------------
DROP TABLE IF EXISTS `goods_img`;
CREATE TABLE `goods_img` (
  `Id` bigint(20) NOT NULL AUTO_INCREMENT,
  `GoodsId` bigint(20) NOT NULL,
  `URL` varchar(255) NOT NULL COMMENT 'FILE_NAME',
  `CreateTime` int(11) DEFAULT NULL,
  `Title` varchar(255) DEFAULT NULL,
  `Status` int(11) DEFAULT NULL,
  PRIMARY KEY (`Id`)
) ENGINE=InnoDB AUTO_INCREMENT=1242 DEFAULT CHARSET=utf8;

-- ----------------------------
--  Table structure for `goods_in_service`
-- ----------------------------
DROP TABLE IF EXISTS `goods_in_service`;
CREATE TABLE `goods_in_service` (
  `GoodsId` bigint(20) NOT NULL,
  `ServiceId` bigint(20) NOT NULL,
  `Status` int(11) DEFAULT NULL
) ENGINE=InnoDB DEFAULT CHARSET=utf8;

-- ----------------------------
--  Table structure for `goods_order`
-- ----------------------------
DROP TABLE IF EXISTS `goods_order`;
CREATE TABLE `goods_order` (
  `Id` bigint(20) NOT NULL AUTO_INCREMENT,
  `Code` varchar(255) NOT NULL,
  `BuyerId` bigint(20) NOT NULL COMMENT '买家ID',
  `BuyerAddId` bigint(20) NOT NULL COMMENT '买家地址',
  `SellerId` bigint(20) NOT NULL COMMENT '卖家ID',
  `SellerAddId` bigint(20) NOT NULL COMMENT '买家地址',
  `GoodsId` bigint(20) NOT NULL COMMENT '商品ID',
  `Price` decimal(10,0) NOT NULL COMMENT '成交价格',
  `TradeWay` int(11) NOT NULL,
  `CreateTime` int(11) NOT NULL COMMENT '创建时间',
  `BuyerStar` int(11) DEFAULT '0',
  `SellerStar` int(11) DEFAULT '0',
  `Status` int(11) DEFAULT NULL,
  `IsBuyEvaluate` int(1) DEFAULT '0' COMMENT '买家是否评价',
  `IsSellEvaluate` int(1) DEFAULT '0' COMMENT '卖家是否评价',
  PRIMARY KEY (`Id`)
) ENGINE=InnoDB DEFAULT CHARSET=utf8;

-- ----------------------------
--  Table structure for `goods_search`
-- ----------------------------
DROP TABLE IF EXISTS `goods_search`;
CREATE TABLE `goods_search` (
  `Id` bigint(20) NOT NULL AUTO_INCREMENT,
  `GoodsId` bigint(20) DEFAULT NULL,
  `SearchTitle` varchar(255) DEFAULT NULL,
  `SourceTitle` varchar(255) DEFAULT NULL,
  PRIMARY KEY (`Id`),
  FULLTEXT KEY `SearchTitle` (`SearchTitle`)
) ENGINE=MyISAM AUTO_INCREMENT=3988 DEFAULT CHARSET=utf8;

-- ----------------------------
--  Table structure for `goods_service`
-- ----------------------------
DROP TABLE IF EXISTS `goods_service`;
CREATE TABLE `goods_service` (
  `Id` bigint(20) NOT NULL AUTO_INCREMENT,
  `Title` varchar(255) NOT NULL,
  `Presentation` varchar(255) DEFAULT NULL COMMENT '简介',
  `Price` decimal(10,0) NOT NULL,
  `Type` int(255) DEFAULT '0' COMMENT '服务类型',
  `Status` int(11) DEFAULT NULL,
  PRIMARY KEY (`Id`)
) ENGINE=InnoDB AUTO_INCREMENT=3 DEFAULT CHARSET=utf8;

-- ----------------------------
--  Table structure for `logs`
-- ----------------------------
DROP TABLE IF EXISTS `logs`;
CREATE TABLE `logs` (
  `Id` int(11) NOT NULL AUTO_INCREMENT,
  `Action` varchar(255) NOT NULL,
  `UserId` int(11) NOT NULL,
  `UserName` varchar(255) DEFAULT NULL,
  `Time` int(11) NOT NULL,
  `IP` varchar(255) DEFAULT NULL,
  `Type` varchar(20) DEFAULT NULL COMMENT '日志的分类：与商品有关的（不涉及订单）、与用户行为有关的（不涉及交易）、与订单有关的',
  PRIMARY KEY (`Id`)
) ENGINE=InnoDB AUTO_INCREMENT=648 DEFAULT CHARSET=utf8;

-- ----------------------------
--  Table structure for `notice`
-- ----------------------------
DROP TABLE IF EXISTS `notice`;
CREATE TABLE `notice` (
  `Id` bigint(20) NOT NULL AUTO_INCREMENT,
  `Theme` text,
  `Title` varchar(255) DEFAULT NULL,
  `Content` text COMMENT '内容',
  `SendId` bigint(20) DEFAULT NULL COMMENT '发件人',
  `RecipientId` bigint(20) DEFAULT NULL COMMENT '收件人',
  `CreateTime` int(11) DEFAULT NULL COMMENT '创建时间',
  `Status` int(11) DEFAULT NULL,
  PRIMARY KEY (`Id`)
) ENGINE=InnoDB AUTO_INCREMENT=639 DEFAULT CHARSET=utf8;

-- ----------------------------
--  Table structure for `prize_config`
-- ----------------------------
DROP TABLE IF EXISTS `prize_config`;
CREATE TABLE `prize_config` (
  `Id` int(255) NOT NULL AUTO_INCREMENT,
  `PraiseFeild` int(11) NOT NULL DEFAULT '0' COMMENT '标识字段',
  `PraiseName` varchar(255) NOT NULL DEFAULT '' COMMENT '奖项名',
  `MinDeg` varchar(255) NOT NULL DEFAULT '' COMMENT '最小角度',
  `MaxDeg` varchar(255) NOT NULL DEFAULT '' COMMENT '最大角度',
  `PraiseNumber` int(11) NOT NULL DEFAULT '0' COMMENT '总数',
  `PraiseCount` int(11) NOT NULL DEFAULT '0' COMMENT '库存',
  `PraiseContent` varchar(255) NOT NULL DEFAULT '' COMMENT '奖项内容',
  `Chance` int(11) NOT NULL DEFAULT '0' COMMENT '中奖率',
  `Status` int(11) NOT NULL DEFAULT '0',
  PRIMARY KEY (`Id`)
) ENGINE=InnoDB AUTO_INCREMENT=11 DEFAULT CHARSET=utf8;

-- ----------------------------
--  Table structure for `prize_record`
-- ----------------------------
DROP TABLE IF EXISTS `prize_record`;
CREATE TABLE `prize_record` (
  `Id` int(11) NOT NULL AUTO_INCREMENT,
  `Code` varchar(255) NOT NULL DEFAULT '',
  `UserId` bigint(20) NOT NULL DEFAULT '0',
  `PrizeId` int(11) NOT NULL DEFAULT '0' COMMENT '奖项id',
  `CreateTime` int(11) NOT NULL DEFAULT '0',
  `UpdateTime` int(11) DEFAULT '0',
  `Status` int(11) DEFAULT '0',
  PRIMARY KEY (`Id`)
) ENGINE=InnoDB AUTO_INCREMENT=174 DEFAULT CHARSET=utf8;

-- ----------------------------
--  Table structure for `role`
-- ----------------------------
DROP TABLE IF EXISTS `role`;
CREATE TABLE `role` (
  `Id` bigint(20) NOT NULL AUTO_INCREMENT,
  `Name` varchar(255) NOT NULL,
  `Status` int(11) DEFAULT NULL,
  PRIMARY KEY (`Id`)
) ENGINE=InnoDB AUTO_INCREMENT=101 DEFAULT CHARSET=utf8;

-- ----------------------------
--  Table structure for `ruler`
-- ----------------------------
DROP TABLE IF EXISTS `ruler`;
CREATE TABLE `ruler` (
  `Id` bigint(20) NOT NULL AUTO_INCREMENT,
  `Operate` varchar(255) DEFAULT NULL COMMENT '操作',
  `EXP` int(11) DEFAULT NULL,
  `E-Money` int(11) DEFAULT NULL COMMENT '积分',
  `Status` int(11) DEFAULT NULL,
  PRIMARY KEY (`Id`)
) ENGINE=InnoDB DEFAULT CHARSET=utf8;

-- ----------------------------
--  Table structure for `settings`
-- ----------------------------
DROP TABLE IF EXISTS `settings`;
CREATE TABLE `settings` (
  `key` varchar(255) NOT NULL,
  `value` text
) ENGINE=InnoDB DEFAULT CHARSET=utf8;

-- ----------------------------
--  Table structure for `status`
-- ----------------------------
DROP TABLE IF EXISTS `status`;
CREATE TABLE `status` (
  `Id` int(11) NOT NULL,
  `Name` varchar(255) DEFAULT NULL,
  PRIMARY KEY (`Id`)
) ENGINE=InnoDB DEFAULT CHARSET=utf8;

-- ----------------------------
--  Table structure for `user`
-- ----------------------------
DROP TABLE IF EXISTS `user`;
CREATE TABLE `user` (
  `Id` bigint(20) NOT NULL AUTO_INCREMENT,
  `Name` varchar(255) DEFAULT '' COMMENT '用户名，TEL',
  `Password` varchar(255) NOT NULL,
  `PayPwd` varchar(255) DEFAULT '' COMMENT '支付密码',
  `UserKey` varchar(255) DEFAULT '' COMMENT '用户唯一键',
  `LastKeyTime` int(11) DEFAULT '0' COMMENT '上一次key生成的时间',
  `ModifKey` varchar(255) DEFAULT '' COMMENT '操作key',
  `RealName` varchar(255) DEFAULT '' COMMENT '真实姓名',
  `Nick` varchar(255) DEFAULT '' COMMENT '昵称',
  `Sex` varchar(10) DEFAULT '男' COMMENT '性别 默认男',
  `Birthday` datetime DEFAULT NULL COMMENT '生日',
  `E-Mail` varchar(30) DEFAULT '' COMMENT '邮箱',
  `E-Money` decimal(11,2) DEFAULT '0.00' COMMENT '积分',
  `Credit` int(11) DEFAULT '0' COMMENT '信誉',
  `TradeCount` int(11) DEFAULT '0' COMMENT '交易数量',
  `EXP` bigint(20) DEFAULT '0' COMMENT '经验',
  `RoleId` int(11) NOT NULL DEFAULT '2' COMMENT '角色',
  `ClockinCount` int(11) DEFAULT '0' COMMENT '连签次数',
  `LastClockinTime` int(11) DEFAULT '0' COMMENT '上一次签到时间',
  `RegistTime` int(11) DEFAULT '1388509200' COMMENT '注册时间',
  `LastLoginTime` int(11) DEFAULT '0' COMMENT '最后登录时间',
  `TP_QQ` varchar(100) DEFAULT '' COMMENT '第三方 QQ',
  `TP_WeiChat` varchar(100) DEFAULT '',
  `TP_Weibo` varchar(100) DEFAULT '',
  `Status` int(11) DEFAULT NULL,
  PRIMARY KEY (`Id`)
) ENGINE=InnoDB AUTO_INCREMENT=318 DEFAULT CHARSET=utf8;

-- ----------------------------
--  Table structure for `user_address`
-- ----------------------------
DROP TABLE IF EXISTS `user_address`;
CREATE TABLE `user_address` (
  `Id` bigint(20) NOT NULL AUTO_INCREMENT,
  `UserId` bigint(20) NOT NULL DEFAULT '0',
  `Contacts` varchar(255) DEFAULT '' COMMENT '联系人',
  `Tel` varchar(255) DEFAULT '',
  `QQ` varchar(255) DEFAULT '',
  `Address` varchar(255) DEFAULT '' COMMENT '地址',
  `IsDefault` int(1) DEFAULT '0' COMMENT '是否是默认地址',
  `Status` int(11) DEFAULT '0',
  `CreateTime` int(11) DEFAULT '0',
  PRIMARY KEY (`Id`)
) ENGINE=InnoDB AUTO_INCREMENT=180 DEFAULT CHARSET=utf8;

-- ----------------------------
--  Table structure for `user_avatar`
-- ----------------------------
DROP TABLE IF EXISTS `user_avatar`;
CREATE TABLE `user_avatar` (
  `Id` bigint(20) NOT NULL AUTO_INCREMENT,
  `UserId` bigint(20) DEFAULT NULL,
  `URL` varchar(255) DEFAULT '' COMMENT 'FILE_NAME',
  `Title` varchar(255) DEFAULT '头像',
  `Status` int(11) DEFAULT '10',
  `IsSysDef` int(1) DEFAULT '0' COMMENT '是否是系统默认',
  PRIMARY KEY (`Id`)
) ENGINE=InnoDB AUTO_INCREMENT=259 DEFAULT CHARSET=utf8;

-- ----------------------------
--  Table structure for `user_grade`
-- ----------------------------
DROP TABLE IF EXISTS `user_grade`;
CREATE TABLE `user_grade` (
  `MinEXP` bigint(20) DEFAULT NULL,
  `MaxEXP` bigint(20) DEFAULT NULL,
  `Title` varchar(255) DEFAULT NULL,
  `Number` int(11) DEFAULT NULL,
  `RankURL` varchar(255) DEFAULT NULL COMMENT '头衔  URL',
  `NextNeed` int(11) DEFAULT '0',
  `Status` int(11) DEFAULT NULL
) ENGINE=InnoDB DEFAULT CHARSET=utf8;

-- ----------------------------
--  View definition for `view_favorite_list`
-- ----------------------------
DROP VIEW IF EXISTS `view_favorite_list`;
CREATE ALGORITHM=UNDEFINED DEFINER=`juzi`@`%` SQL SECURITY DEFINER  VIEW `view_favorite_list` AS select `view_goods_list`.`URL` AS `URL`,`view_goods_list`.`Nick` AS `Nick`,`view_goods_list`.`Title` AS `Title`,`view_goods_list`.`Price` AS `Price`,`view_goods_list`.`CostPrice` AS `CostPrice`,`view_goods_list`.`Views` AS `Views`,`view_goods_list`.`TradeWayTxt` AS `TradeWayTxt`,`view_goods_list`.`Status` AS `Status`,`favorite`.`UserId` AS `UserId`,`view_goods_list`.`CommentCount` AS `CommentCount`,`favorite`.`CreateTime` AS `CreateTime`,`view_goods_list`.`Id` AS `Id`,`view_goods_list`.`avatarURL` AS `avatarURL` from (`view_goods_list` join `favorite` on((`favorite`.`GoodsId` = `view_goods_list`.`Id`))) ;

-- ----------------------------
--  View definition for `view_gift_order`
-- ----------------------------
DROP VIEW IF EXISTS `view_gift_order`;
CREATE ALGORITHM=UNDEFINED DEFINER=`juzi`@`%` SQL SECURITY DEFINER  VIEW `view_gift_order` AS select `gift`.`Name` AS `Name`,`gift_order`.`Amount` AS `Amount`,`user_address`.`Contacts` AS `Contacts`,`user_address`.`Tel` AS `Tel`,`user_address`.`Address` AS `Address`,`gift_order`.`CreateTime` AS `CreateTime`,`gift_order`.`Status` AS `Status`,`gift_order`.`Id` AS `Id`,`user`.`Name` AS `UserName` from (((`gift` join `gift_order` on((`gift`.`Id` = `gift_order`.`giftId`))) join `user_address` on((`gift_order`.`AddressId` = `user_address`.`Id`))) join `user` on((`gift_order`.`UserId` = `user`.`Id`))) ;

-- ----------------------------
--  View definition for `view_goods_comment_list`
-- ----------------------------
DROP VIEW IF EXISTS `view_goods_comment_list`;
CREATE ALGORITHM=UNDEFINED DEFINER=`juzi`@`%` SQL SECURITY DEFINER  VIEW `view_goods_comment_list` AS select `user`.`Nick` AS `Reply`,`view_goods_comment_temp`.`Id` AS `Id`,`view_goods_comment_temp`.`GoodsId` AS `GoodsId`,`view_goods_comment_temp`.`Content` AS `Content`,`view_goods_comment_temp`.`CreateTime` AS `CreateTime`,`view_goods_comment_temp`.`AssesseeId` AS `AssesseeId`,`view_goods_comment_temp`.`Status` AS `Status`,`view_goods_comment_temp`.`Critics` AS `Critics`,`view_goods_comment_temp`.`UserId` AS `UserId`,`view_goods_comment_temp`.`CriticsURL` AS `CriticsURL`,`user_avatar`.`URL` AS `ReplyURL` from ((`view_goods_comment_temp` left join `user` on((`view_goods_comment_temp`.`AssesseeId` = `user`.`Id`))) join `user_avatar` on((`user`.`Id` = `user_avatar`.`UserId`))) order by `view_goods_comment_temp`.`CreateTime` desc ;

-- ----------------------------
--  View definition for `view_goods_comment_temp`
-- ----------------------------
DROP VIEW IF EXISTS `view_goods_comment_temp`;
CREATE ALGORITHM=UNDEFINED DEFINER=`juzi`@`%` SQL SECURITY DEFINER  VIEW `view_goods_comment_temp` AS select `user`.`Nick` AS `Critics`,`goods_comment`.`Id` AS `Id`,`goods_comment`.`GoodsId` AS `GoodsId`,`goods_comment`.`Content` AS `Content`,`goods_comment`.`CreateTime` AS `CreateTime`,`goods_comment`.`UserId` AS `UserId`,`goods_comment`.`AssesseeId` AS `AssesseeId`,`goods_comment`.`Status` AS `Status`,`user_avatar`.`URL` AS `CriticsURL` from (((`goods_comment` join `view_goods_list` on((`view_goods_list`.`Id` = `goods_comment`.`GoodsId`))) join `user` on((`goods_comment`.`UserId` = `user`.`Id`))) join `user_avatar` on((`user`.`Id` = `user_avatar`.`UserId`))) order by `goods_comment`.`CreateTime` desc ;

-- ----------------------------
--  View definition for `view_goods_in_service`
-- ----------------------------
DROP VIEW IF EXISTS `view_goods_in_service`;
CREATE ALGORITHM=UNDEFINED DEFINER=`juzi`@`%` SQL SECURITY DEFINER  VIEW `view_goods_in_service` AS select `goods_in_service`.`ServiceId` AS `ServiceId`,`goods_service`.`Title` AS `ServiceName`,`view_goods_list`.`Id` AS `Id`,`view_goods_list`.`Nick` AS `Nick`,`view_goods_list`.`avatarURL` AS `avatarURL`,`view_goods_list`.`UserId` AS `UserId`,`view_goods_list`.`Title` AS `Title`,`view_goods_list`.`Price` AS `Price`,`view_goods_list`.`CostPrice` AS `CostPrice`,`view_goods_list`.`CreateTime` AS `CreateTime`,`view_goods_list`.`Presentation` AS `Presentation`,`view_goods_list`.`CategoryId` AS `CategoryId`,`view_goods_list`.`AddressId` AS `AddressId`,`view_goods_list`.`Views` AS `Views`,`view_goods_list`.`Collection` AS `Collection`,`view_goods_list`.`IsTop` AS `IsTop`,`view_goods_list`.`CommentCount` AS `CommentCount`,`view_goods_list`.`TradeWay` AS `TradeWay`,`view_goods_list`.`TradeWayTxt` AS `TradeWayTxt`,`view_goods_list`.`Status` AS `Status`,`view_goods_list`.`URL` AS `URL`,`goods_service`.`Type` AS `Type`,`view_goods_list`.`EXP` AS `EXP`,`view_goods_list`.`TradeCount` AS `TradeCount` from ((`view_goods_list` join `goods_in_service` on((`view_goods_list`.`Id` = `goods_in_service`.`GoodsId`))) join `goods_service` on((`goods_in_service`.`ServiceId` = `goods_service`.`Id`))) order by `view_goods_list`.`CreateTime` desc ;

-- ----------------------------
--  View definition for `view_goods_list`
-- ----------------------------
DROP VIEW IF EXISTS `view_goods_list`;
CREATE ALGORITHM=UNDEFINED DEFINER=`juzi`@`%` SQL SECURITY DEFINER  VIEW `view_goods_list` AS select `goods`.`Id` AS `Id`,`user`.`Nick` AS `Nick`,`user_avatar`.`URL` AS `avatarURL`,`goods`.`UserId` AS `UserId`,`goods`.`Title` AS `Title`,`goods`.`Price` AS `Price`,`goods`.`CostPrice` AS `CostPrice`,`goods`.`CreateTime` AS `CreateTime`,`goods`.`Presentation` AS `Presentation`,`goods`.`CategoryId` AS `CategoryId`,`goods`.`AddressId` AS `AddressId`,`goods`.`Views` AS `Views`,`goods`.`Collection` AS `Collection`,`goods`.`IsTop` AS `IsTop`,`goods`.`CommentCount` AS `CommentCount`,`goods`.`TradeWay` AS `TradeWay`,`goods`.`TradeWayTxt` AS `TradeWayTxt`,`goods`.`Status` AS `Status`,`goods_img`.`URL` AS `URL`,`user`.`EXP` AS `EXP`,`user`.`TradeCount` AS `TradeCount`,`goods_img`.`CreateTime` AS `URLCreateTime` from (((`goods` join `goods_img` on((`goods`.`Id` = `goods_img`.`GoodsId`))) join `user` on((`goods`.`UserId` = `user`.`Id`))) join `user_avatar` on((`user`.`Id` = `user_avatar`.`UserId`))) where ((`goods_img`.`Status` = 10) and (`goods`.`Status` > 0)) group by `goods`.`Id` order by `goods`.`CreateTime` desc,`goods_img`.`CreateTime` ;

-- ----------------------------
--  View definition for `view_goods_order_list`
-- ----------------------------
DROP VIEW IF EXISTS `view_goods_order_list`;
CREATE ALGORITHM=UNDEFINED DEFINER=`juzi`@`%` SQL SECURITY DEFINER  VIEW `view_goods_order_list` AS select `goods_order`.`Id` AS `Id`,`goods_order`.`BuyerId` AS `BuyerId`,`user`.`Nick` AS `BuyNick`,`goods_order`.`SellerId` AS `SellerId`,`view_user_goods`.`Nick` AS `SellNick`,`view_user_goods`.`Title` AS `Title`,`goods_order`.`Status` AS `Status`,`goods_order`.`IsBuyEvaluate` AS `IsBuyEvaluate`,`goods_order`.`IsSellEvaluate` AS `IsSellEvaluate`,`goods_order`.`Code` AS `Code`,`goods_order`.`BuyerAddId` AS `BuyerAddId`,`goods_order`.`SellerAddId` AS `SellerAddId`,`goods_order`.`GoodsId` AS `GoodsId`,`goods_order`.`Price` AS `Price`,`goods_order`.`TradeWay` AS `TradeWay`,`goods_order`.`CreateTime` AS `CreateTime`,`goods_order`.`BuyerStar` AS `BuyerStar`,`goods_order`.`SellerStar` AS `SellerStar`,`view_user_goods`.`Contacts` AS `SellContacts`,`view_user_goods`.`Tel` AS `SellTel`,`view_user_goods`.`QQ` AS `SellQQ`,`view_user_goods`.`Address` AS `SellAddress`,`user_address`.`Contacts` AS `BuyContacts`,`user_address`.`Tel` AS `BuyTel`,`user_address`.`QQ` AS `BuyQQ`,`user_address`.`Address` AS `BuyAddress` from (((`view_user_goods` join `goods_order` on((`goods_order`.`GoodsId` = `view_user_goods`.`Id`))) join `user` on((`user`.`Id` = `goods_order`.`BuyerId`))) join `user_address` on((`goods_order`.`BuyerAddId` = `user_address`.`Id`))) ;

-- ----------------------------
--  View definition for `view_keyword`
-- ----------------------------
DROP VIEW IF EXISTS `view_keyword`;
CREATE ALGORITHM=UNDEFINED DEFINER=`juzi`@`%` SQL SECURITY DEFINER  VIEW `view_keyword` AS select `goods_category_keyword`.`Id` AS `Id`,`goods_category`.`Title` AS `Title`,`goods_category_keyword`.`Keyword` AS `Keyword`,`goods_category_keyword`.`Status` AS `Status`,`goods_category_keyword`.`CategoryId` AS `CategoryId` from (`goods_category` join `goods_category_keyword` on((`goods_category`.`Id` = `goods_category_keyword`.`CategoryId`))) ;

-- ----------------------------
--  View definition for `view_logs_list`
-- ----------------------------
DROP VIEW IF EXISTS `view_logs_list`;
CREATE ALGORITHM=UNDEFINED DEFINER=`juzi`@`%` SQL SECURITY DEFINER  VIEW `view_logs_list` AS select `logs`.`Id` AS `Id`,`logs`.`Action` AS `Action`,`logs`.`UserId` AS `UserId`,`logs`.`Time` AS `Time`,`logs`.`IP` AS `IP`,`logs`.`Type` AS `Type`,`user`.`Nick` AS `UserName` from (`user` join `logs` on((`logs`.`UserId` = `user`.`Id`))) ;

-- ----------------------------
--  View definition for `view_prize_record_list`
-- ----------------------------
DROP VIEW IF EXISTS `view_prize_record_list`;
CREATE ALGORITHM=UNDEFINED DEFINER=`juzi`@`%` SQL SECURITY DEFINER  VIEW `view_prize_record_list` AS select `prize_record`.`Id` AS `Id`,`prize_record`.`CreateTime` AS `CreateTime`,`prize_record`.`Status` AS `Status`,`prize_config`.`PraiseName` AS `PraiseName`,`prize_record`.`Code` AS `Code`,`user`.`Nick` AS `Nick`,`prize_config`.`PraiseContent` AS `PraiseContent`,`prize_record`.`UpdateTime` AS `UpdateTime`,`prize_config`.`PraiseFeild` AS `PraiseFeild`,`prize_record`.`UserId` AS `UserId` from ((`prize_record` join `user` on((`prize_record`.`UserId` = `user`.`Id`))) join `prize_config` on((`prize_record`.`PrizeId` = `prize_config`.`Id`))) ;

-- ----------------------------
--  View definition for `view_search_list`
-- ----------------------------
DROP VIEW IF EXISTS `view_search_list`;
CREATE ALGORITHM=UNDEFINED DEFINER=`juzi`@`%` SQL SECURITY DEFINER  VIEW `view_search_list` AS select `goods_search`.`SearchTitle` AS `SearchTitle`,`view_goods_list`.`Id` AS `Id`,`view_goods_list`.`Nick` AS `Nick`,`view_goods_list`.`avatarURL` AS `avatarURL`,`view_goods_list`.`UserId` AS `UserId`,`view_goods_list`.`Title` AS `Title`,`view_goods_list`.`Price` AS `Price`,`view_goods_list`.`CostPrice` AS `CostPrice`,`view_goods_list`.`CreateTime` AS `CreateTime`,`view_goods_list`.`Presentation` AS `Presentation`,`view_goods_list`.`CategoryId` AS `CategoryId`,`view_goods_list`.`AddressId` AS `AddressId`,`view_goods_list`.`Views` AS `Views`,`view_goods_list`.`Collection` AS `Collection`,`view_goods_list`.`IsTop` AS `IsTop`,`view_goods_list`.`CommentCount` AS `CommentCount`,`view_goods_list`.`TradeWay` AS `TradeWay`,`view_goods_list`.`TradeWayTxt` AS `TradeWayTxt`,`view_goods_list`.`Status` AS `Status`,`view_goods_list`.`URL` AS `URL`,`view_goods_list`.`EXP` AS `EXP`,`view_goods_list`.`TradeCount` AS `TradeCount` from (`goods_search` join `view_goods_list` on((`goods_search`.`GoodsId` = `view_goods_list`.`Id`))) order by `view_goods_list`.`CreateTime` desc ;

-- ----------------------------
--  View definition for `view_user_attention_list`
-- ----------------------------
DROP VIEW IF EXISTS `view_user_attention_list`;
CREATE ALGORITHM=UNDEFINED DEFINER=`juzi`@`%` SQL SECURITY DEFINER  VIEW `view_user_attention_list` AS select `attention`.`UserId` AS `UserId`,`user`.`Nick` AS `Nick`,`user`.`Status` AS `Status`,`user`.`EXP` AS `EXP`,`user_avatar`.`URL` AS `URL`,`attention`.`AttentionId` AS `AttentionId`,`attention`.`CreateTime` AS `CreateTime` from ((`attention` join `user` on((`user`.`Id` = `attention`.`AttentionId`))) join `user_avatar` on((`user`.`Id` = `user_avatar`.`UserId`))) ;

-- ----------------------------
--  View definition for `view_user_goods`
-- ----------------------------
DROP VIEW IF EXISTS `view_user_goods`;
CREATE ALGORITHM=UNDEFINED DEFINER=`juzi`@`%` SQL SECURITY DEFINER  VIEW `view_user_goods` AS select `goods`.`Id` AS `Id`,`user`.`Nick` AS `Nick`,`goods`.`Title` AS `Title`,`user_address`.`Contacts` AS `Contacts`,`user_address`.`Tel` AS `Tel`,`user_address`.`QQ` AS `QQ`,`user_address`.`Address` AS `Address`,`goods`.`AddressId` AS `AddressId` from ((`goods` join `user` on((`goods`.`UserId` = `user`.`Id`))) join `user_address` on((`goods`.`AddressId` = `user_address`.`Id`))) ;

-- ----------------------------
--  View definition for `view_user_info_address`
-- ----------------------------
DROP VIEW IF EXISTS `view_user_info_address`;
CREATE ALGORITHM=UNDEFINED DEFINER=`juzi`@`%` SQL SECURITY DEFINER  VIEW `view_user_info_address` AS select `view_user_info_avatar`.`Id` AS `Id`,`view_user_info_avatar`.`Name` AS `Name`,`view_user_info_avatar`.`Nick` AS `Nick`,`view_user_info_avatar`.`RealName` AS `RealName`,`view_user_info_avatar`.`Sex` AS `Sex`,`view_user_info_avatar`.`Birthday` AS `Birthday`,`view_user_info_avatar`.`URL` AS `URL`,`view_user_info_avatar`.`Status` AS `Status`,`view_user_info_avatar`.`TP_QQ` AS `TP_QQ`,`view_user_info_avatar`.`TP_WeiChat` AS `TP_WeiChat`,`view_user_info_avatar`.`TP_Weibo` AS `TP_Weibo`,`view_user_info_avatar`.`E-Money` AS `E-Money`,`view_user_info_avatar`.`E-Mail` AS `E-Mail`,`view_user_info_avatar`.`EXP` AS `EXP`,`view_user_info_avatar`.`IsSysDef` AS `IsSysDef`,`user_address`.`Contacts` AS `Contacts`,`user_address`.`Tel` AS `Tel`,`user_address`.`Address` AS `Address`,`user_address`.`Status` AS `AddStatus`,`user_address`.`Id` AS `AddId` from (`view_user_info_avatar` join `user_address` on((`view_user_info_avatar`.`Id` = `user_address`.`UserId`))) ;

-- ----------------------------
--  View definition for `view_user_info_avatar`
-- ----------------------------
DROP VIEW IF EXISTS `view_user_info_avatar`;
CREATE ALGORITHM=UNDEFINED DEFINER=`juzi`@`%` SQL SECURITY DEFINER  VIEW `view_user_info_avatar` AS select `user`.`Id` AS `Id`,`user`.`Name` AS `Name`,`user`.`Nick` AS `Nick`,`user`.`RealName` AS `RealName`,`user`.`Sex` AS `Sex`,`user`.`Birthday` AS `Birthday`,`user_avatar`.`URL` AS `URL`,`user`.`Status` AS `Status`,`user`.`TP_QQ` AS `TP_QQ`,`user`.`TP_WeiChat` AS `TP_WeiChat`,`user`.`TP_Weibo` AS `TP_Weibo`,`user`.`E-Money` AS `E-Money`,`user`.`E-Mail` AS `E-Mail`,`user`.`EXP` AS `EXP`,`user_avatar`.`IsSysDef` AS `IsSysDef`,`user`.`ClockinCount` AS `ClockinCount`,`user`.`LastClockinTime` AS `LastClockinTime`,`user`.`TradeCount` AS `TradeCount`,`user`.`RegistTime` AS `RegistTime`,`user`.`Credit` AS `Credit` from (`user` left join `user_avatar` on((`user`.`Id` = `user_avatar`.`UserId`))) ;

-- ----------------------------
--  Records 
-- ----------------------------
INSERT INTO `activity` VALUES ('90','','Activity_14174051442606.png','Activity_14175283233454.png','新用户礼品大派送','新用户抽奖活动','&lt;div class=&quot;row&quot;&gt;\r\n	&lt;div class=&quot;col-xs-10 col-xs-offset-1 col-sm-10 col-sm-offset-1&quot;&gt;\r\n		&lt;p&gt;\r\n			&lt;br /&gt;\r\n		&lt;/p&gt;\r\n		&lt;p&gt;\r\n			&lt;span style=&quot;font-size:10.5pt;font-family:\'Microsoft YaHei\';&quot;&gt;一、&lt;/span&gt;&lt;span style=&quot;font-size:10.5pt;font-family:\'Microsoft YaHei\';&quot;&gt;抽奖对象&lt;/span&gt;&lt;span style=&quot;font-size:10.5000pt;font-family:\'宋体\';&quot;&gt;&lt;/span&gt; \r\n		&lt;/p&gt;\r\n		&lt;p style=&quot;text-indent:21.0000pt;&quot;&gt;\r\n			&lt;span style=&quot;font-size:10.5pt;font-family:\'Microsoft YaHei\';&quot;&gt;参与大橘子上线礼品大派送活动的每一位大橘子用户仅有一次抽奖机会。&lt;/span&gt;&lt;span style=&quot;font-size:10.5000pt;font-family:\'宋体\';&quot;&gt;&lt;/span&gt; \r\n		&lt;/p&gt;\r\n		&lt;p&gt;\r\n			&lt;span style=&quot;font-size:10.5pt;font-family:\'Microsoft YaHei\';&quot;&gt;二、&lt;/span&gt;&lt;span style=&quot;font-size:10.5pt;font-family:\'Microsoft YaHei\';&quot;&gt;抽奖时间&lt;/span&gt;&lt;span style=&quot;font-size:10.5000pt;font-family:\'宋体\';&quot;&gt;&lt;/span&gt; \r\n		&lt;/p&gt;\r\n		&lt;p style=&quot;text-indent:21.0000pt;&quot;&gt;\r\n			&lt;span style=&quot;font-size:10.5000pt;font-family:\'宋体\';&quot;&gt;&lt;span style=&quot;font-family:Microsoft YaHei;&quot;&gt;上线日期（&lt;/span&gt;&lt;span style=&quot;font-family:\'Microsoft YaHei\';&quot;&gt;2014&lt;/span&gt;&lt;span style=&quot;font-family:\'Microsoft YaHei\';&quot;&gt;年&lt;/span&gt;&lt;span style=&quot;font-family:\'Microsoft YaHei\';&quot;&gt;12&lt;/span&gt;&lt;span style=&quot;font-family:\'Microsoft YaHei\';&quot;&gt;月&lt;/span&gt;&lt;span style=&quot;font-family:\'Microsoft YaHei\';&quot;&gt;3&lt;/span&gt;&lt;span style=&quot;font-family:\'Microsoft YaHei\';&quot;&gt;日）起，至礼品抽完为止。&lt;/span&gt;&lt;/span&gt;&lt;span style=&quot;font-size:10.5000pt;font-family:\'宋体\';&quot;&gt;&lt;/span&gt; \r\n		&lt;/p&gt;\r\n		&lt;p&gt;\r\n			&lt;span style=&quot;font-size:10.5pt;font-family:\'Microsoft YaHei\';&quot;&gt;三、&lt;/span&gt;&lt;span style=&quot;font-size:10.5pt;font-family:\'Microsoft YaHei\';&quot;&gt;抽奖地点&lt;/span&gt;&lt;span style=&quot;font-size:10.5000pt;font-family:\'宋体\';&quot;&gt;&lt;/span&gt; \r\n		&lt;/p&gt;\r\n		&lt;p style=&quot;text-indent:21.0000pt;&quot;&gt;\r\n			&lt;span style=&quot;font-size:10.5000pt;font-family:\'宋体\';&quot;&gt;&lt;span style=&quot;font-family:Microsoft YaHei;&quot;&gt;官网抽奖页面，链接如下：&lt;/span&gt;&lt;a href=&quot;http://www.bigoranger.com/lottery&quot; target=&quot;_blank&quot;&gt;&lt;span style=&quot;color:#E56600;font-family:\'Microsoft YaHei\';&quot;&gt;http://www.bigoranger.com/lottery&lt;/span&gt;&lt;/a&gt;&lt;/span&gt; \r\n		&lt;/p&gt;\r\n		&lt;p style=&quot;text-indent:21.0000pt;&quot;&gt;\r\n			&lt;span style=&quot;font-size:10.5000pt;font-family:\'宋体\';&quot;&gt;&lt;span style=&quot;font-family:Microsoft YaHei;&quot;&gt;代金券兑换地址：&lt;/span&gt;&lt;span style=&quot;color:#E56600;font-family:\'Microsoft YaHei\';&quot;&gt;&lt;a href=&quot;http://www.bigoranger.com/recharge&quot; target=&quot;_blank&quot;&gt;&lt;span style=&quot;color:#E56600;&quot;&gt;http://www.bigoranger.com/recharge&lt;/span&gt;&lt;/a&gt;&lt;/span&gt;&lt;/span&gt;&lt;span style=&quot;font-size:10.5000pt;font-family:\'宋体\';&quot;&gt;&lt;/span&gt; \r\n		&lt;/p&gt;\r\n		&lt;p style=&quot;text-indent:21.0000pt;&quot;&gt;\r\n			&lt;span&gt;&lt;span style=&quot;font-size:14px;line-height:21px;&quot;&gt;&lt;span style=&quot;font-family:Microsoft YaHei;&quot;&gt;个人中奖记录查询地址：&lt;/span&gt;&lt;a href=&quot;http://www.bigoranger.com/u/myprize&quot; target=&quot;_blank&quot;&gt;&lt;span style=&quot;font-family:\'Microsoft YaHei\';color:#E56600;&quot;&gt;http://www.bigoranger.com/u/myprize&lt;/span&gt;&lt;/a&gt;&lt;span style=&quot;font-family:\'Microsoft YaHei\';color:#E56600;&quot;&gt;&lt;/span&gt;&lt;/span&gt;&lt;/span&gt; \r\n		&lt;/p&gt;\r\n		&lt;p&gt;\r\n			&lt;span style=&quot;font-size:10.5pt;font-family:\'Microsoft YaHei\';&quot;&gt;四、&lt;/span&gt;&lt;span style=&quot;font-size:10.5pt;font-family:\'Microsoft YaHei\';&quot;&gt;抽奖细则&lt;/span&gt;&lt;span style=&quot;font-size:10.5000pt;font-family:\'宋体\';&quot;&gt;&lt;/span&gt; \r\n		&lt;/p&gt;\r\n		&lt;p style=&quot;text-indent:21.0000pt;&quot;&gt;\r\n			&lt;span style=&quot;font-size:10.5pt;font-family:\'Microsoft YaHei\';&quot;&gt;1.&lt;/span&gt;&lt;span style=&quot;font-size:10.5pt;font-family:\'Microsoft YaHei\';&quot;&gt;本次抽奖活动的原则是公正、公开、公平；&lt;/span&gt;&lt;span style=&quot;font-size:10.5000pt;font-family:\'宋体\';&quot;&gt;&lt;/span&gt; \r\n		&lt;/p&gt;\r\n		&lt;p style=&quot;text-indent:21.0000pt;&quot;&gt;\r\n			&lt;span style=&quot;font-size:10.5pt;font-family:\'Microsoft YaHei\';&quot;&gt;2.&lt;/span&gt;&lt;span style=&quot;font-size:10.5pt;font-family:\'Microsoft YaHei\';&quot;&gt;每一位大橘子用户有且只有一次抽奖机会；&lt;/span&gt;&lt;span style=&quot;font-size:10.5000pt;font-family:\'宋体\';&quot;&gt;&lt;/span&gt; \r\n		&lt;/p&gt;\r\n		&lt;p style=&quot;text-indent:21.0000pt;&quot;&gt;\r\n			&lt;span style=&quot;font-size:10.5pt;font-family:\'Microsoft YaHei\';&quot;&gt;3.&lt;/span&gt;&lt;span style=&quot;font-size:10.5pt;font-family:\'Microsoft YaHei\';&quot;&gt;奖品分不同等级，有个别奖项的奖品选择为多样，每位大橘子有且只能选择一份中奖礼品；&lt;/span&gt;&lt;span style=&quot;font-size:10.5000pt;font-family:\'宋体\';&quot;&gt;&lt;/span&gt; \r\n		&lt;/p&gt;\r\n		&lt;p style=&quot;text-indent:21.0000pt;&quot;&gt;\r\n			&lt;span style=&quot;font-size:10.5pt;font-family:\'Microsoft YaHei\';&quot;&gt;4.&lt;/span&gt;&lt;span style=&quot;font-size:10.5pt;font-family:\'Microsoft YaHei\';&quot;&gt;每位大橘子中奖记录将显示在大橘子官网中的相应页面中。&lt;/span&gt;&lt;span style=&quot;font-size:10.5000pt;font-family:\'宋体\';&quot;&gt;&lt;/span&gt; \r\n		&lt;/p&gt;\r\n		&lt;p&gt;\r\n			&lt;span style=&quot;font-size:10.5pt;font-family:\'Microsoft YaHei\';&quot;&gt;五、&lt;/span&gt;&lt;span style=&quot;font-size:10.5pt;font-family:\'Microsoft YaHei\';&quot;&gt;领奖方式&lt;/span&gt;&lt;span style=&quot;font-size:10.5000pt;font-family:\'宋体\';&quot;&gt;&lt;/span&gt; \r\n		&lt;/p&gt;\r\n		&lt;p style=&quot;text-indent:21.0000pt;&quot;&gt;\r\n			&lt;span style=&quot;font-size:10.5000pt;font-family:\'宋体\';&quot;&gt;&lt;span style=&quot;font-family:Microsoft YaHei;&quot;&gt;每位大橘子将持验证信息至笃行楼&lt;/span&gt;&lt;span style=&quot;font-family:\'Microsoft YaHei\';&quot;&gt;B&lt;/span&gt;&lt;span style=&quot;font-family:\'Microsoft YaHei\';&quot;&gt;栋&lt;/span&gt;&lt;span style=&quot;font-family:\'Microsoft YaHei\';&quot;&gt;101-F&lt;/span&gt;&lt;span style=&quot;font-family:\'Microsoft YaHei\';&quot;&gt;指尖科技（中通、&lt;/span&gt;&lt;span style=&quot;font-family:\'Microsoft YaHei\';&quot;&gt;EMS&lt;/span&gt;&lt;span style=&quot;font-family:\'Microsoft YaHei\';&quot;&gt;快递）旁领取礼品。&lt;/span&gt;&lt;/span&gt; \r\n		&lt;/p&gt;\r\n&lt;br /&gt;\r\n		&lt;h4 style=&quot;text-align:center;&quot;&gt;\r\n			活动说明\r\n		&lt;/h4&gt;\r\n&lt;br /&gt;\r\n		&lt;p style=&quot;text-indent:21.0000pt;text-align:justify;&quot;&gt;\r\n			&lt;span style=&quot;font-size:10.5pt;font-family:\'Microsoft YaHei\';&quot;&gt;由于本次活动是为庆祝大橘子网站上线，反馈各位新用户丰富礼品。由于一些原因，我们不能为您提供礼品送上门的条件，故中奖的用户请在中奖起一周内（三等奖除外，长期有效）来兑奖处领取，过期作废。&lt;/span&gt;&lt;span style=&quot;font-size:10.5000pt;font-family:\'宋体\';&quot;&gt;&lt;/span&gt; \r\n		&lt;/p&gt;\r\n		&lt;p style=&quot;text-indent:21.0000pt;text-align:justify;&quot;&gt;\r\n			&lt;span style=&quot;font-size:10.5pt;font-family:\'Microsoft YaHei\';&quot;&gt;由于提供的礼品数量有限，以抽奖先领奖的原则，先到的用户可优先选择礼品。&lt;/span&gt;&lt;span style=&quot;font-size:10.5000pt;font-family:\'宋体\';&quot;&gt;&lt;/span&gt; \r\n		&lt;/p&gt;\r\n&lt;br /&gt;\r\n		&lt;p style=&quot;text-align:left;text-indent:21pt;&quot;&gt;\r\n			&lt;span style=&quot;font-size:10.5pt;font-family:\'Microsoft YaHei\';&quot;&gt;大橘子网站所有人贵州指尖科技保留本活动最终解释权。&lt;/span&gt;&lt;span style=&quot;font-size:10.5000pt;font-family:\'宋体\';&quot;&gt;&lt;/span&gt; \r\n		&lt;/p&gt;\r\n		&lt;p&gt;\r\n			&lt;br /&gt;\r\n		&lt;/p&gt;\r\n		&lt;div&gt;\r\n			&lt;p&gt;\r\n				PS:&amp;nbsp;&amp;nbsp; &lt;a href=&quot;http://www.bigoranger.com/lottery&quot; target=&quot;_blank&quot; class=&quot;btn btn-success&quot;&gt;点击抽奖&lt;/a&gt;&amp;nbsp;&amp;nbsp; &lt;a href=&quot;http://www.bigoranger.com/recharge&quot; target=&quot;_blank&quot; class=&quot;btn btn-success&quot;&gt;代金券兑换&lt;/a&gt;&amp;nbsp;&amp;nbsp; &lt;a href=&quot;http://www.bigoranger.com/u/myprize&quot; target=&quot;_blank&quot; class=&quot;btn btn-success&quot;&gt;中奖记录查询&lt;/a&gt; \r\n			&lt;/p&gt;\r\n		&lt;/div&gt;\r\n&lt;br /&gt;\r\n	&lt;/div&gt;\r\n&lt;/div&gt;','1417536015','-1','1','1','0'), ('91','javascript:void(0)',NULL,'Activity_14175279374168.png','欢迎新用户','','','1417536020','10','0','1','0'), ('92','','Activity_14176120688674.png','Activity_14176030977091.png','等级头衔 征集令','你的头衔，你说了算','&lt;div class=&quot;row&quot;&gt;\r\n	&lt;div class=&quot;col-xs-10 col-xs-offset-1 col-sm-10 col-sm-offset-1&quot;&gt;\r\n		&lt;br /&gt;\r\n		&lt;p&gt;\r\n			&lt;span style=&quot;font-size:10.5pt;font-family:\'Microsoft YaHei\';&quot;&gt;一、&lt;/span&gt;&lt;span style=&quot;font-size:10.5pt;font-family:\'Microsoft YaHei\';&quot;&gt;活动背景&lt;/span&gt;&lt;span style=&quot;font-size:10.5000pt;font-family:\'宋体\';&quot;&gt;&lt;/span&gt; \r\n		&lt;/p&gt;\r\n		&lt;p style=&quot;text-indent:21.0000pt;&quot;&gt;\r\n			&lt;span style=&quot;font-size:10.5pt;font-family:\'Microsoft YaHei\';&quot;&gt;在大橘子网站上线之际，向广大贤人志士发起网站等级头衔征集令。&lt;/span&gt;&lt;span style=&quot;font-size:10.5000pt;font-family:\'宋体\';&quot;&gt;&lt;/span&gt; \r\n		&lt;/p&gt;\r\n		&lt;p&gt;\r\n			&lt;span style=&quot;font-size:10.5pt;font-family:\'Microsoft YaHei\';&quot;&gt;二、&lt;/span&gt;&lt;span style=&quot;font-size:10.5pt;font-family:\'Microsoft YaHei\';&quot;&gt;征集内容&lt;/span&gt;&lt;span style=&quot;font-size:10.5000pt;font-family:\'宋体\';&quot;&gt;&lt;/span&gt; \r\n		&lt;/p&gt;\r\n		&lt;p style=&quot;text-indent:21.0000pt;&quot;&gt;\r\n			&lt;span style=&quot;font-size:10.5pt;font-family:\'Microsoft YaHei\';&quot;&gt;围绕大橘子成长或者以商品交易为中心，展开联想与思索，给出1-9级的头衔名。给我们大橘子网站冠名。&lt;/span&gt;&lt;span style=&quot;font-size:10.5000pt;font-family:\'宋体\';&quot;&gt;&lt;/span&gt; \r\n		&lt;/p&gt;\r\n		&lt;p&gt;\r\n			&lt;span style=&quot;font-size:10.5pt;font-family:\'Microsoft YaHei\';&quot;&gt;三、&lt;/span&gt;&lt;span style=&quot;font-size:10.5pt;font-family:\'Microsoft YaHei\';&quot;&gt;征集方式&lt;/span&gt;&lt;span style=&quot;font-size:10.5000pt;font-family:\'宋体\';&quot;&gt;&lt;/span&gt; \r\n		&lt;/p&gt;\r\n		&lt;p style=&quot;text-indent:21.0000pt;&quot;&gt;\r\n			&lt;span style=&quot;font-size:10.5000pt;font-family:\'宋体\';&quot;&gt;&lt;span style=&quot;font-family:Microsoft YaHei;&quot;&gt;请各位贤人志士将自己的想法与等级头衔称谓发往我们的官方邮箱：&lt;/span&gt;&lt;span style=&quot;font-family:\'Microsoft YaHei\';&quot;&gt;&lt;a href=&quot;mailto:hi@bigoranger.com&quot; target=&quot;_blank&quot;&gt;&lt;span style=&quot;color:#E56600;&quot;&gt;hi@bigoranger.com&lt;/span&gt;&lt;/a&gt;&lt;/span&gt;&lt;/span&gt;&lt;span style=&quot;font-size:10.5000pt;font-family:\'宋体\';&quot;&gt;&lt;/span&gt; \r\n		&lt;/p&gt;\r\n		&lt;p&gt;\r\n			&lt;span style=&quot;font-size:10.5pt;font-family:\'Microsoft YaHei\';&quot;&gt;四、&lt;/span&gt;&lt;span style=&quot;font-size:10.5pt;font-family:\'Microsoft YaHei\';&quot;&gt;征集时间&lt;/span&gt;&lt;span style=&quot;font-size:10.5000pt;font-family:\'宋体\';&quot;&gt;&lt;/span&gt; \r\n		&lt;/p&gt;\r\n		&lt;p style=&quot;text-indent:21.0000pt;&quot;&gt;\r\n			&lt;span style=&quot;font-size:10.5000pt;font-family:\'宋体\';&quot;&gt;&lt;span style=&quot;font-family:Microsoft YaHei;&quot;&gt;2014&lt;/span&gt;&lt;span style=&quot;font-family:\'Microsoft YaHei\';&quot;&gt;年&lt;/span&gt;&lt;span style=&quot;font-family:\'Microsoft YaHei\';&quot;&gt;12&lt;/span&gt;&lt;span style=&quot;font-family:\'Microsoft YaHei\';&quot;&gt;月&lt;/span&gt;&lt;span style=&quot;font-family:\'Microsoft YaHei\';&quot;&gt;4&lt;/span&gt;&lt;span style=&quot;font-family:\'Microsoft YaHei\';&quot;&gt;日起，至&lt;/span&gt;&lt;span style=&quot;font-family:\'Microsoft YaHei\';&quot;&gt;12&lt;/span&gt;&lt;span style=&quot;font-family:\'Microsoft YaHei\';&quot;&gt;月&lt;/span&gt;&lt;span style=&quot;font-family:\'Microsoft YaHei\';&quot;&gt;10&lt;/span&gt;&lt;span style=&quot;font-family:\'Microsoft YaHei\';&quot;&gt;日为止&lt;/span&gt;&lt;/span&gt;&lt;span style=&quot;font-size:10.5000pt;font-family:\'宋体\';&quot;&gt;&lt;/span&gt; \r\n		&lt;/p&gt;\r\n		&lt;p&gt;\r\n			&lt;span style=&quot;font-size:10.5pt;font-family:\'Microsoft YaHei\';&quot;&gt;五、&lt;/span&gt;&lt;span style=&quot;font-size:10.5pt;font-family:\'Microsoft YaHei\';&quot;&gt;关于评选&lt;/span&gt;&lt;span style=&quot;font-size:10.5000pt;font-family:\'宋体\';&quot;&gt;&lt;/span&gt; \r\n		&lt;/p&gt;\r\n		&lt;p style=&quot;text-indent:21.0000pt;&quot;&gt;\r\n			&lt;span style=&quot;font-size:10.5000pt;font-family:\'宋体\';&quot;&gt;&lt;span style=&quot;font-family:Microsoft YaHei;&quot;&gt;在&lt;/span&gt;&lt;span style=&quot;font-family:\'Microsoft YaHei\';&quot;&gt;12&lt;/span&gt;&lt;span style=&quot;font-family:\'Microsoft YaHei\';&quot;&gt;月&lt;/span&gt;&lt;span style=&quot;font-family:\'Microsoft YaHei\';&quot;&gt;11&lt;/span&gt;&lt;span style=&quot;font-family:\'Microsoft YaHei\';&quot;&gt;日凌晨&lt;/span&gt;&lt;span style=&quot;font-family:\'Microsoft YaHei\';&quot;&gt;0&lt;/span&gt;&lt;span style=&quot;font-family:\'Microsoft YaHei\';&quot;&gt;点截止征集，同时开始参赛作品投票活动。每个参赛作品将显示在&amp;nbsp;&lt;/span&gt;&lt;/span&gt;&lt;span style=&quot;font-size:10.5000pt;font-family:\'宋体\';&quot;&gt; &lt;/span&gt;&lt;span style=&quot;font-size:10.5pt;font-family:\'Microsoft YaHei\';&quot;&gt;大橘子官网相关页面。&lt;/span&gt;&lt;span style=&quot;font-size:10.5000pt;font-family:\'宋体\';&quot;&gt;&lt;/span&gt; \r\n		&lt;/p&gt;\r\n		&lt;p&gt;\r\n			&lt;span style=&quot;font-size:10.5pt;font-family:\'Microsoft YaHei\';&quot;&gt;六、&lt;/span&gt;&lt;span style=&quot;font-size:10.5pt;font-family:\'Microsoft YaHei\';&quot;&gt;活动奖励&lt;/span&gt;&lt;span style=&quot;font-size:10.5000pt;font-family:\'宋体\';&quot;&gt;&lt;/span&gt; \r\n		&lt;/p&gt;\r\n		&lt;p style=&quot;text-indent:21.0000pt;&quot;&gt;\r\n			&lt;span style=&quot;font-size:10.5000pt;font-family:\'宋体\';&quot;&gt;&lt;span style=&quot;font-family:Microsoft YaHei;&quot;&gt;大师奖：￥&lt;/span&gt;&lt;span style=&quot;font-family:\'Microsoft YaHei\';&quot;&gt;200&amp;nbsp;&lt;/span&gt;&lt;/span&gt; \r\n		&lt;/p&gt;\r\n		&lt;p&gt;\r\n			&lt;span style=&quot;font-size:10.5pt;font-family:\'Microsoft YaHei\';&quot;&gt;七、&lt;/span&gt;&lt;span style=&quot;font-size:10.5pt;font-family:\'Microsoft YaHei\';&quot;&gt;评选细则&lt;/span&gt;&lt;span style=&quot;font-size:10.5000pt;font-family:\'宋体\';&quot;&gt;&lt;/span&gt; \r\n		&lt;/p&gt;\r\n		&lt;p style=&quot;text-indent:21.0000pt;&quot;&gt;\r\n			&lt;span style=&quot;font-size:10.5pt;font-family:\'Microsoft YaHei\';&quot;&gt;1.&lt;/span&gt;&lt;span style=&quot;font-size:10.5pt;font-family:\'Microsoft YaHei\';&quot;&gt;本次征集活动的原则是公正、公开、公平&lt;/span&gt;&lt;span style=&quot;font-size:10.5000pt;font-family:\'宋体\';&quot;&gt;&lt;/span&gt; \r\n		&lt;/p&gt;\r\n		&lt;p style=&quot;text-indent:21.0000pt;&quot;&gt;\r\n			&lt;span style=&quot;font-size:10.5pt;font-family:\'Microsoft YaHei\';&quot;&gt;2.&lt;/span&gt;&lt;span style=&quot;font-size:10.5pt;font-family:\'Microsoft YaHei\';&quot;&gt;每一位参赛者有且只有一个参赛作品&lt;/span&gt;&lt;span style=&quot;font-size:10.5000pt;font-family:\'宋体\';&quot;&gt;&lt;/span&gt; \r\n		&lt;/p&gt;\r\n		&lt;p style=&quot;text-indent:21.0000pt;&quot;&gt;\r\n			&lt;span style=&quot;font-size:10.5pt;font-family:\'Microsoft YaHei\';&quot;&gt;3.&lt;/span&gt;&lt;span style=&quot;font-size:10.5pt;font-family:\'Microsoft YaHei\';&quot;&gt;作品要求：等级必须包含9个等级以上；规范按照：【等级】【对应的等级称号】，例如【Lv 1】【幼儿园】&lt;/span&gt;&lt;span style=&quot;font-size:10.5000pt;font-family:\'宋体\';&quot;&gt;&lt;/span&gt; \r\n		&lt;/p&gt;\r\n		&lt;p style=&quot;text-indent:21.0000pt;&quot;&gt;\r\n			&lt;span style=&quot;font-size:10.5pt;font-family:\'Microsoft YaHei\';&quot;&gt;4.&lt;/span&gt;&lt;span style=&quot;font-size:10.5pt;font-family:\'Microsoft YaHei\';&quot;&gt;每个作品将在大橘子网站相关网页展示，由各位网友投票&lt;/span&gt;&lt;span style=&quot;font-size:10.5000pt;font-family:\'宋体\';&quot;&gt;&lt;/span&gt; \r\n		&lt;/p&gt;\r\n		&lt;p style=&quot;text-indent:21.0000pt;&quot;&gt;\r\n			&lt;span style=&quot;font-size:10.5pt;font-family:\'Microsoft YaHei\';&quot;&gt;5.&lt;/span&gt;&lt;span style=&quot;font-size:10.5pt;font-family:\'Microsoft YaHei\';&quot;&gt;每位网友可以最多投三个作品，每个作品有且只投一次&lt;/span&gt;&lt;span style=&quot;font-size:10.5000pt;font-family:\'宋体\';&quot;&gt;&lt;/span&gt; \r\n		&lt;/p&gt;\r\n		&lt;p style=&quot;text-indent:21.0000pt;&quot;&gt;\r\n			&lt;span style=&quot;font-size:10.5pt;font-family:\'Microsoft YaHei\';&quot;&gt;6.&lt;/span&gt;&lt;span style=&quot;font-size:10.5pt;font-family:\'Microsoft YaHei\';&quot;&gt;每位参赛作品的票数实时更新&lt;/span&gt;&lt;span style=&quot;font-size:10.5000pt;font-family:\'宋体\';&quot;&gt;&lt;/span&gt; \r\n		&lt;/p&gt;\r\n		&lt;p&gt;\r\n			&lt;span style=&quot;font-size:10.5pt;font-family:\'Microsoft YaHei\';&quot;&gt;八、&lt;/span&gt;&lt;span style=&quot;font-size:10.5pt;font-family:\'Microsoft YaHei\';&quot;&gt;评选时间&lt;/span&gt;&lt;span style=&quot;font-size:10.5000pt;font-family:\'宋体\';&quot;&gt;&lt;/span&gt; \r\n		&lt;/p&gt;\r\n		&lt;p style=&quot;text-indent:21.0000pt;&quot;&gt;\r\n			&lt;span style=&quot;font-size:10.5000pt;font-family:\'宋体\';&quot;&gt;&lt;span style=&quot;font-family:Microsoft YaHei;&quot;&gt;2014&lt;/span&gt;&lt;span style=&quot;font-family:\'Microsoft YaHei\';&quot;&gt;年&lt;/span&gt;&lt;span style=&quot;font-family:\'Microsoft YaHei\';&quot;&gt;12&lt;/span&gt;&lt;span style=&quot;font-family:\'Microsoft YaHei\';&quot;&gt;月&lt;/span&gt;&lt;span style=&quot;font-family:\'Microsoft YaHei\';&quot;&gt;11&lt;/span&gt;&lt;span style=&quot;font-family:\'Microsoft YaHei\';&quot;&gt;日起，至&lt;/span&gt;&lt;span style=&quot;font-family:\'Microsoft YaHei\';&quot;&gt;12&lt;/span&gt;&lt;span style=&quot;font-family:\'Microsoft YaHei\';&quot;&gt;月&lt;/span&gt;&lt;span style=&quot;font-family:\'Microsoft YaHei\';&quot;&gt;24&lt;/span&gt;&lt;span style=&quot;font-family:\'Microsoft YaHei\';&quot;&gt;日（平安夜）为止。&lt;/span&gt;&lt;/span&gt;&lt;span style=&quot;font-size:10.5000pt;font-family:\'宋体\';&quot;&gt;&lt;/span&gt; \r\n		&lt;/p&gt;\r\n		&lt;p&gt;\r\n			&lt;span style=&quot;font-size:10.5pt;font-family:\'Microsoft YaHei\';&quot;&gt;九、&lt;/span&gt;&lt;span style=&quot;font-size:10.5pt;font-family:\'Microsoft YaHei\';&quot;&gt;评选地址&lt;/span&gt;&lt;span style=&quot;font-size:10.5000pt;font-family:\'宋体\';&quot;&gt;&lt;/span&gt; \r\n		&lt;/p&gt;\r\n		&lt;p&gt;\r\n			&lt;span style=&quot;font-size:10.5pt;font-family:\'Microsoft YaHei\';&quot;&gt;&amp;nbsp;&amp;nbsp;&amp;nbsp;&amp;nbsp;&amp;nbsp; &amp;nbsp; 地址：&lt;a href=&quot;http://www.bigoranger.com/collect&quot; target=&quot;_blank&quot;&gt;&lt;span style=&quot;color:#E56600;&quot;&gt;http://www.bigoranger.com/collect&lt;/span&gt;&lt;/a&gt;&lt;span style=&quot;color:#E56600;&quot;&gt;&lt;/span&gt;&lt;br /&gt;\r\n&lt;/span&gt; \r\n		&lt;/p&gt;\r\n		&lt;p style=&quot;text-indent:21.0000pt;&quot;&gt;\r\n			&lt;span style=&quot;font-size:10.5000pt;font-family:\'宋体\';&quot;&gt; &lt;/span&gt;&lt;span style=&quot;font-size:10.5000pt;font-family:\'宋体\';&quot;&gt;&lt;/span&gt; \r\n		&lt;/p&gt;\r\n		&lt;p&gt;\r\n			&lt;span style=&quot;font-size:10.5pt;font-family:\'Microsoft YaHei\';&quot;&gt;十、&lt;/span&gt;&lt;span style=&quot;font-size:10.5pt;font-family:\'Microsoft YaHei\';&quot;&gt;公布结果&lt;/span&gt;&lt;span style=&quot;font-size:10.5000pt;font-family:\'宋体\';&quot;&gt;&lt;/span&gt; \r\n		&lt;/p&gt;\r\n		&lt;p style=&quot;text-indent:21.0000pt;&quot;&gt;\r\n			&lt;span style=&quot;font-size:10.5000pt;font-family:\'宋体\';&quot;&gt;&lt;span style=&quot;font-family:Microsoft YaHei;&quot;&gt;大橘子网站于&lt;/span&gt;&lt;span style=&quot;font-family:\'Microsoft YaHei\';&quot;&gt;2014&lt;/span&gt;&lt;span style=&quot;font-family:\'Microsoft YaHei\';&quot;&gt;年&lt;/span&gt;&lt;span style=&quot;font-family:\'Microsoft YaHei\';&quot;&gt;12&lt;/span&gt;&lt;span style=&quot;font-family:\'Microsoft YaHei\';&quot;&gt;月&lt;/span&gt;&lt;span style=&quot;font-family:\'Microsoft YaHei\';&quot;&gt;25&lt;/span&gt;&lt;span style=&quot;font-family:\'Microsoft YaHei\';&quot;&gt;日（圣诞节）公布本次活动最终赢家&lt;/span&gt;&lt;/span&gt;&lt;span style=&quot;font-size:10.5000pt;font-family:\'宋体\';&quot;&gt;&lt;/span&gt; \r\n		&lt;/p&gt;\r\n		&lt;p&gt;\r\n			&lt;span style=&quot;font-size:10.5pt;font-family:\'Microsoft YaHei\';&quot;&gt;十一、&lt;/span&gt;&lt;span style=&quot;font-size:10.5pt;font-family:\'Microsoft YaHei\';&quot;&gt;领奖地址&lt;/span&gt;&lt;span style=&quot;font-size:10.5000pt;font-family:\'宋体\';&quot;&gt;&lt;/span&gt; \r\n		&lt;/p&gt;\r\n		&lt;p style=&quot;text-indent:21.0000pt;&quot;&gt;\r\n			&lt;span style=&quot;font-size:10.5000pt;font-family:\'宋体\';&quot;&gt;&lt;span style=&quot;font-family:Microsoft YaHei;&quot;&gt;笃行楼&lt;/span&gt;&lt;span style=&quot;font-family:\'Microsoft YaHei\';&quot;&gt;B&lt;/span&gt;&lt;span style=&quot;font-family:\'Microsoft YaHei\';&quot;&gt;栋&lt;/span&gt;&lt;span style=&quot;font-family:\'Microsoft YaHei\';&quot;&gt;101-F&lt;/span&gt;&lt;span style=&quot;font-family:\'Microsoft YaHei\';&quot;&gt;指尖科技&lt;/span&gt;&lt;/span&gt;&lt;span style=&quot;font-size:10.5000pt;font-family:\'宋体\';&quot;&gt;&lt;/span&gt; \r\n		&lt;/p&gt;\r\n&lt;br /&gt;\r\n		&lt;p style=&quot;text-align:left;text-indent:21pt;&quot;&gt;\r\n			&lt;span style=&quot;font-size:10.5pt;font-family:\'Microsoft YaHei\';&quot;&gt;大橘子网站所有人贵州指尖科技保留本活动最终解释权。&lt;/span&gt;&lt;span style=&quot;font-size:10.5000pt;font-family:\'宋体\';&quot;&gt;&lt;/span&gt; \r\n		&lt;/p&gt;\r\n&lt;br /&gt;\r\n		&lt;div&gt;\r\n			&lt;p&gt;\r\n				PS:&amp;nbsp;&amp;nbsp; &lt;a href=&quot;http://www.bigoranger.com/collect&quot; target=&quot;_blank&quot; class=&quot;btn btn-success&quot;&gt;投票地址&lt;/a&gt;&amp;nbsp;&amp;nbsp;&lt;a href=&quot;http://tieba.baidu.com/p/3447132354&quot; target=&quot;_blank&quot; class=&quot;btn btn-success&quot;&gt;百度贴吧参与&lt;/a&gt;&amp;nbsp;&amp;nbsp;\r\n			&lt;/p&gt;\r\n		&lt;/div&gt;\r\n&lt;br /&gt;\r\n	&lt;/div&gt;\r\n&lt;/div&gt;','1417536005','-1','1','1','0'), ('93','javascript:void(0)',NULL,'Activity_14175283552416.png','拍卖专区','','','1417536010','10','0','1','0'), ('94','javascript:void(0)',NULL,'Activity_14176031759388.jpg','物物交换','回归原始','','1417536000','10','0','1','0');
INSERT INTO `alipay` VALUES ('1','1','天弘基金管理有限公司','10.00','余额宝-自动转入','交易成功','1416607020','0'), ('10','10','金献','0.10','账户码-转账','交易成功','1416453480','0'), ('11','11','金献','0.10','账户码-转账','交易成功','1416453420','0'), ('12','12','金献','0.99','账户码-转账','交易成功','1416449760','0'), ('13','13','天弘基金管理有限公司','0.01','余额宝-自动转入','交易成功','1416434100','0'), ('14','14','天弘基金管理有限公司','0.01','余额宝-自动转入','交易成功','1416434100','0'), ('15','15','张杰','0.10','账户码-转账','交易成功','1416386340','0'), ('16','16','天弘基金管理有限公司','0.20','余额宝-自动转入','交易成功','1416347700','0'), ('17','17','天弘基金管理有限公司','0.20','余额宝-自动转入','交易成功','1416347700','0'), ('18','18','周孟','0.01','账户码-转账','交易成功','1416293700','0'), ('19','19','李清伟','0.10','账户码-转账','交易成功','1416293640','0'), ('2','2','天弘基金管理有限公司','10.00','余额宝-自动转入','交易成功','1416607020','0'), ('20','20','李清伟','0.10','账户码-转账','交易成功','1416293640','0'), ('2014112100001000250036532342','2342','龙廷艳','10.00','账户码-转账','交易成功','1416568320','1'), ('2014112100001000570040737040','7040','李清伟','0.01','账户码-转账','交易成功','1416567240','1'), ('2014112100001000990040635352','5352','张杰','0.01','账户码-转账','交易成功','1416565320','1'), ('3','3','天弘基金管理有限公司','10.00','余额宝-自动转入','交易成功','1416607020','0'), ('4','4','李清伟','0.01','账户码-转账','交易成功','1416567240','0'), ('5','5','李清伟','0.01','大橘子','交易成功','1416565980','0'), ('6','6','李清伟','0.01','大橘子','交易成功','1416565980','0'), ('7','7','天弘基金管理有限公司','0.10','余额宝-自动转入','交易成功','1416520500','0'), ('8','8','天弘基金管理有限公司','0.10','余额宝-自动转入','交易成功','1416520500','0'), ('9','9','金献','0.10','账户码-转账','交易成功','1416453480','0');
INSERT INTO `alipay_order` VALUES ('E20141121190429NOFQB','2014112151888769','0.01','0','1416567869','1416655756','2088602012015694','zhoumeng1107@163.com'), ('E2014112119123034JXR','2014112177540525','10.00','0','1416568350','1416656255','2088702610704254','18275329396'), ('E20141121194521CK3NA','2014112177586325','8.00','0','1416570321','1416658268','2088702610704254','18275329396'), ('E20141121194855XKEHV',NULL,'10.00','0','1416570535','1416570535','',''), ('E20141130203501ZSETG',NULL,'2.00','0','1417350901','1417350901','',''), ('E20141201141720G0SZV',NULL,'1.00','0','1417414640','1417414640','',''), ('E20141203203335UPSH7','2014120357231177','1.00','0','1417610015','1418562313','2088602095136774','lryer@msn.com'), ('E20141208122321I3THE','2014120828659695','1.00','0','1418012601','1418705361','2088202260884954','malou1992@126.com'), ('E20141221175228EZQSD',NULL,'1.00','0','1419155548','1419155548','',''), ('E20150127125442O6W1O',NULL,'5.00','0','1422334482','1422334482','',''), ('E20150202225727VSL03',NULL,'5.00','0','1422889047','1422889047','','');
INSERT INTO `appkey` VALUES ('200','d7J43_9C317FE62A15540622066E050C277743WRFSAF5345FS','官方安卓','10');
INSERT INTO `attention` VALUES ('315','271','1418134774');
INSERT INTO `favorite` VALUES ('49','170','570','1417612387','10'), ('51','152','578','1417745949','10'), ('52','271','602','1417760648','10'), ('53','203','607','1417855957','10'), ('54','300','609','1418614789','10');
INSERT INTO `gift` VALUES ('1','小黄人娃娃哦','21','79','Activity_14189592564652.jpg','10','1426474145');
INSERT INTO `goods` VALUES ('561','113','乐放小音响 笔记本音响','5','20','1417487755','大四毕业了，这些东西带不走。大二买的，一直用着没问题。音质还是可以得。对于屌丝来说，这些完全够用。','58','168','45','0','\0','0','3','线上/线下','10'), ('562','119','魅族MX(M031) 熊猫机','709','2499','1417488730','返厂换过电池，背部闪光灯处有小裂痕，成色还是不错的，有意者价格可以再商量。','58','158','50','0','\0','2','1','线上','10'), ('563','125','Dell电脑 inspiron系列 i3处理器','4500','6000','1417490374','戴尔inspiron系列，红色，i3处理器，8成新','58','154','66','0','\0','3','1','线上','10'), ('564','113','魅族 MX2 ','850','1200','1417490464','13年九月份买的。保护的很好。八成新是有的。存好钱买别的手机了。价钱可以再商量。','58','168','103','0','\0','0','3','线上/线下','10'), ('568','125','充电热宝宝','40','60','1417491649','充电热宝宝，去年买的，刚好一年，带着很暖的，还是八成新呢。可爱又实用的，快来带回去吧~','70','154','92','0','\0','0','1','线上','10'), ('569','119','实战突击:ASP.NET 项目开发案例整合 ','56','89','1417608171','学编程童鞋，来搞起！很不错的一本书，讲得很详细！','61','158','91','0','\0','6','3','线上/线下','10'), ('570','170','【金士顿U盘】Data Traveler Locker+G3  USB3.0 16GB 全金属硬加密','99','139','1417610114','14年10月底京东买的U盘，到现在也没怎么用过，9成新，出售原因是U盘不兼容Linux操作系统。因为是硬件加密的U盘（非常安全可靠），所以价格比普通盘略高，USB3.0的接口，不刀，不包邮，99一口价。附MyDiskTest测试图。对于U盘来说大部分人4G 8G就完全够了，我相信这个16G的盘也能满足大部分人需求（需求更大果断上移动硬盘吧），更重要的是U盘的读写速度。','58','169','133','1','\0','2','1','线上','10'), ('571','170',NULL,'0','0',NULL,NULL,NULL,NULL,'0','0','\0','0',NULL,NULL,'0'), ('572','150','汉堡包包台灯，买回来不怎么用，马上毕业了想卖出去','15','30','1417615727','充电都还很好 ，带着去哪里都很方便，不占地方，两种亮度','63','153','51','0','\0','1','1','线上','10'), ('573','150','怪诞行为学','20','45','1417615946','看完了，放着也没意思，拍摄颜色变浅了，想要的话，去网上看看颜色，还很新的','61','153','41','0','\0','1','1','线上','10'), ('574','150','彩阳电热毯','80','100','1417616201','全新，没用过','63','153','42','0','\0','2','1','线上','10'), ('575','119','开林铝合金台灯8成新','46','66','1417618670','入手半年，无划痕，现在要出去找工作了，卖掉了。','63','158','115','0','\0','2','3','线上/线下','10'), ('576','172','123','1','1','1417619098','','70','170','1','0','\0','0','3','线上/线下','40'), ('577','196',NULL,'0','0',NULL,NULL,NULL,NULL,'0','0','\0','0',NULL,NULL,'0'), ('578','125','从你的全世界路过 张嘉佳','60','70','1417662420','刚刚买来一个星期，应该算是全新，因为很爱惜的。\r\n张嘉佳的精装本哦，很不错的书呢。快来看看吧。','61','154','107','1','\0','1','1','线上','10'), ('579','152','习惯的力量','30','42','1417664308','首先，书保存的很好；第二，看这个书给自己很多鼓励和进步。','61','162','36','0','\0','0','3','线上/线下','10'), ('580','152','怪诞行为学全册','70','90','1417667297','看的很受触动，挺好看的。欢迎书友购买。','61','162','50','0','\0','0','3','线上/线下','10'), ('581','282',NULL,'0','0',NULL,NULL,NULL,NULL,'0','0','\0','0',NULL,NULL,'0'), ('582','271',NULL,'0','0',NULL,NULL,NULL,NULL,'0','0','\0','0',NULL,NULL,'0'), ('583','271',NULL,'0','0',NULL,NULL,NULL,NULL,'0','0','\0','0',NULL,NULL,'0'), ('584','271',NULL,'0','0',NULL,NULL,NULL,NULL,'0','0','\0','0',NULL,NULL,'0'), ('585','271',NULL,'0','0',NULL,NULL,NULL,NULL,'0','0','\0','0',NULL,NULL,'0'), ('586','271',NULL,'0','0',NULL,NULL,NULL,NULL,'0','0','\0','0',NULL,NULL,'0'), ('587','271',NULL,'0','0',NULL,NULL,NULL,NULL,'0','0','\0','0',NULL,NULL,'0'), ('588','271',NULL,'0','0',NULL,NULL,NULL,NULL,'0','0','\0','0',NULL,NULL,'0'), ('589','271',NULL,'0','0',NULL,NULL,NULL,NULL,'0','0','\0','0',NULL,NULL,'0'), ('590','271',NULL,'0','0',NULL,NULL,NULL,NULL,'0','0','\0','0',NULL,NULL,'0'), ('591','271','【全新!!!非二手!!!】L家棉被挥泪甩卖！','139','268','1417759675','100%全棉材质 高级4斤新疆棉被，尺码 215CMX170CM。一床棉被可以在寝室床上铺两层，无论你是作为单盖还是冬天裹在里面都非常暖和，透气性十足。附带一个收纳袋，也是在办公室睡觉的老师们福音。','70','173','1','0','\0','0','3','线上/线下','40'), ('592','271',NULL,'0','0',NULL,NULL,NULL,NULL,'0','0','\0','0',NULL,NULL,'0'), ('593','271',NULL,'0','0',NULL,NULL,NULL,NULL,'0','0','\0','0',NULL,NULL,'0'), ('594','271',NULL,'0','0',NULL,NULL,NULL,NULL,'0','0','\0','0',NULL,NULL,'0'), ('595','271',NULL,'0','0',NULL,NULL,NULL,NULL,'0','0','\0','0',NULL,NULL,'0'), ('596','271',NULL,'0','0',NULL,NULL,NULL,NULL,'0','0','\0','0',NULL,NULL,'0'), ('597','271',NULL,'0','0',NULL,NULL,NULL,NULL,'0','0','\0','0',NULL,NULL,'0'), ('598','271',NULL,'0','0',NULL,NULL,NULL,NULL,'0','0','\0','0',NULL,NULL,'0'), ('599','271',NULL,'0','0',NULL,NULL,NULL,NULL,'0','0','\0','0',NULL,NULL,'0'), ('600','271',NULL,'0','0',NULL,NULL,NULL,NULL,'0','0','\0','0',NULL,NULL,'0'), ('601','271','【全新!!!非二手!!!】L家棉被挥泪甩卖！','139','269','1417760274','100%全棉材质 高级新疆4斤棉被，尺寸: 215x170cm。棉被的尺寸大，足可以在寝室的床上铺两层。你可以单独盖一层，也可以全身缩在里面，棉被的透气性非常好，既暖和又不会让你觉得厚重。另附一个收纳袋，也是办公室老师午休，开车给孩子包暖的好帮手。','70','173','1','0','\0','0','3','线上/线下','40'), ('602','271','【全新!!!非二手!!!】L家棉被','139','269','1417760611','100%全棉材质 高级新疆4斤棉被，尺寸: 215x170cm。棉被的尺寸大，足可以在寝室的床上铺两层。你可以单独盖一层，也可以全身缩在里面，棉被的透气性非常好，既暖和又不会让你觉得厚重。另附一个收纳袋，也是办公室老师午休，开车给孩子包暖的好帮手。','70','173','85','1','\0','5','3','线上/线下','10'), ('603','203',NULL,'0','0',NULL,NULL,NULL,NULL,'0','0','\0','0',NULL,NULL,'0'), ('604','203',NULL,'0','0',NULL,NULL,NULL,NULL,'0','0','\0','0',NULL,NULL,'0'), ('605','203',NULL,'0','0',NULL,NULL,NULL,NULL,'0','0','\0','0',NULL,NULL,'0'), ('606','203',NULL,'0','0',NULL,NULL,NULL,NULL,'0','0','\0','0',NULL,NULL,'0'), ('607','203','小饰品，十层新','10','10','1417855908','去年进的货没卖完的，现在进价处理好了','65','175','67','1','\0','4','3','线上/线下','10'), ('608','300','实物拍摄 男女通用校园文艺复古车 详情面谈','1000','1650','1418012832','商品较大 详情面谈','64','176','70','0','\0','6','3','线上/线下','10'), ('609','300','复古做旧皮包 实物拍摄 轻微瑕疵 有的商量','100','275','1418476523','有的商量 ','65','176','54','1','\0','2','3','线上/线下','10'), ('610','170','大家进来聊聊天呗。我只是想知道这个能不能当贴吧用，顺便看看GIF图象能不能动。','1','1','1418555396','水帖','70','169','70','0','\0','12','2','线下','10'), ('611','316','【尤麦全新羽绒服】','320','580','1418728298','比旗舰店便宜一百多，原价460，双十二购买的尤麦家羽绒服。全新带吊牌。尤麦属于高端女装。原宝贝地址http://item.taobao.com/item.htm?spm=a1z10.5.w4002-3274377022.34.hrAdyN&amp;id=26586172806&amp;qq-pf-to=pcqq.c2c','70','177','53','0','\0','1','3','线上/线下','10'), ('612','151',NULL,'0','0',NULL,NULL,NULL,NULL,'0','0','\0','0',NULL,NULL,'0');
INSERT INTO `goods_category` VALUES ('58','数码','手机、相机、电脑等及其周边商品','10','hot'), ('61','图书','书籍，书刊，杂志，教科书，资料','10',''), ('63','电器','电老虎、吹风机、插座等','10',''), ('64','坐骑','自行车、滑轮、滑板鞋','10',NULL), ('65','饰品','手链、手镯、耳钉、发夹','10',NULL), ('66','文档','毕业论文、作业、实验报告','10',''), ('68','健身','瑜伽球、握力器、臂力棒等','-1',NULL), ('69','户外','登山包、帐篷、渔具、烤架等','-1',NULL), ('70','其它','其他东东','10','');
INSERT INTO `goods_category_keyword` VALUES ('10','58','手机','10','0','0'), ('11','58','苹果','10','0','0'), ('12','58','魅族','10','0','0'), ('13','58','华为','10','0','0'), ('14','58','智能手机','10','0','0'), ('15','58','iphone','10','0','0'), ('16','58','联想','10','0','0'), ('17','58','酷派','10','0','0'), ('18','58','4s','10','0','0'), ('19','58','5s','10','0','0'), ('20','58','mx3','10','0','0'), ('21','58','mx4','10','0','0'), ('24','58','lenovo','10','0','0'), ('27','61','金瓶梅','10','0','0'), ('29','63','电器','10','0','0'), ('31','65','饰品','10','0','0'), ('32','66','文档','10','0','0'), ('33','70','其它','10','0','0'), ('34','58','平板','10','0','0'), ('35','16908308','电脑','1','0','0'), ('36','58','三星','10','0','0'), ('37','58','moto','10','0','0'), ('38','58','lg','10','0','0'), ('39','58','中兴','10','0','0'), ('40','58','飞利浦','10','0','0'), ('41','58','大显','10','0','0'), ('42','64','骑客捷','10','0','0'), ('43','58','htc','10','0','0'), ('44','58','天语','10','0','0'), ('45','61','andriod','10','0','0'), ('46','61','html','10','0','0'), ('47','61','php','10','0','0'), ('48','61','杂志','10','0','0'), ('53','64','美利达','10','0','0'), ('55','64','崔克','10','0','0'), ('61','61','英语','10','0','0'), ('62','66','论文','10','0','0'), ('63','66','报告','10','0','0'), ('64','66','实验','10','0','0'), ('65','61','案例','10','0','0'), ('66','58','ipad','10','0','0'), ('67','58','诺基亚','10','0','0'), ('68','58','索尼','10','0','0'), ('70','58','摩托罗拉','10','0','0'), ('71','58','尼康','10','0','0'), ('72','58','佳能','10','0','0'), ('73','58','卡西欧','10','0','0'), ('74','58','松下','10','0','0'), ('75','58','富士','10','0','0'), ('76','58','宾得','10','0','0'), ('77','58','奥林巴斯','10','0','0'), ('78','58','vivo','10','0','0'), ('79','58','长虹','10','0','0'), ('80','58','oppo','10','0','0'), ('81','58','tcl','10','0','0'), ('82','58','欧奇','10','0','0'), ('83','58','philips','10','0','0'), ('84','58','小辣椒','10','0','0'), ('85','58','金圣达','10','0','0'), ('86','58','立丰','10','0','0'), ('87','58','coobe','10','0','0'), ('88','58','夏朗','10','0','0'), ('89','58','奥乐','10','0','0'), ('90','58','诺亚信','10','0','0'), ('91','58','为美','10','0','0'), ('92','61','photoshop','10','0','0'), ('93','61','flash','10','0','0'), ('94','61','dreamweaver','10','0','0'), ('96','61','css','10','0','0'), ('97','63','电老虎','10','0','0'), ('98','63','电吹风','10','0','0'), ('99','63','风扇','10','0','0'), ('100','63','插座','10','0','0'), ('103','58','相机','10','0','0'), ('104','64','自行车','10','0','0'), ('105','64','滑轮','10','0','0'), ('106','64','溜冰鞋','10','0','0'), ('107','16908308','书包','1','0','0'), ('108','70','背包','10','0','0'), ('109','70','行礼箱','10','0','0'), ('110','70','手提包','10','0','0'), ('111','70','吉他','10','0','0'), ('112','70','口琴','10','0','0'), ('113','70','提琴','10','0','0'), ('114','70','cd','10','0','0'), ('116','70','杯子','10','0','0'), ('118','65','手链','10','0','0'), ('119','65','手镯','10','0','0'), ('120','65','耳钉','10','0','0'), ('121','65','发夹','10','0','0'), ('122','65','帽子','10','0','0'), ('123','65','戒指','10','0','0'), ('124','58','键盘','10','0','0'), ('125','58','鼠标','10','0','0'), ('126','65','项链','10','0','0'), ('127','65','毛衣链','10','0','0'), ('128','70','坐椅垫','10','0','0'), ('129','70','双肩包','10','0','0'), ('130','58','u盘','10','0','0'), ('132','64','电动车','10','0','0');
INSERT INTO `goods_category_keyword` VALUES ('133','63','剃须刀','10','0','0'), ('134','65','压发圈','10','0','0'), ('136','65','发圈','10','0','0'), ('138','70','保温杯','10','0','0'), ('139','70','笔芯','10','0','0'), ('140','70','盆栽','10','0','0'), ('141','58','手机膜','10','0','0'), ('142','63','移动电源','10','0','0'), ('143','58','数据线','10','0','0'), ('144','61','心理学','10','0','0'), ('146','61','全集','10','0','0'), ('147','61','教材','10','0','0'), ('148','61','工程','10','0','0'), ('149','61','计算机','10','0','0'), ('150','61','经济','10','0','0'), ('151','61','金融','10','0','0'), ('152','61','艺术','10','0','0'), ('153','61','美术','10','0','0'), ('154','61','教学','10','0','0'), ('156','61','绘画','10','0','0'), ('157','61','图绘','10','0','0'), ('158','16908308','素描','1','0','0'), ('159','61','写集','10','0','0'), ('160','61','考研','10','0','0'), ('161','61','小说','10','0','0'), ('162','61','名著','10','0','0'), ('163','61','历史','10','0','0'), ('164','61','玄幻','10','0','0'), ('165','61','言情','10','0','0'), ('166','61','青春','10','0','0'), ('167','61','合集','10','0','0'), ('168','61','推理','10','0','0'), ('169','61','南派三叔','10','0','0'), ('170','61','数学','10','0','0'), ('171','61','政治','10','0','0'), ('172','61','郭敬明','10','0','0'), ('173','61','唐七公子','10','0','0'), ('174','61','顾漫','10','0','0'), ('175','61','莫言','10','0','0'), ('176','61','几米','10','0','0'), ('177','61','韩寒','10','0','0'), ('178','61','管理','10','0','0'), ('179','61','法律','10','0','0'), ('180','61','设计','10','0','0'), ('181','61','经济学','10','0','0'), ('182','61','原理','10','0','0'), ('184','61','快速入门','10','0','0'), ('185','61','图解','10','0','0'), ('186','61','视觉','10','0','0'), ('187','61','技能','10','0','0'), ('188','61','技术','10','0','0'), ('189','61','规范','10','0','0'), ('190','61','基础','10','0','0'), ('191','61','理论','10','0','0'), ('192','61','应用','10','0','0'), ('193','61','科学','10','0','0'), ('195','61','文学','10','0','0'), ('196','61','散文','10','0','0'), ('197','61','传记','10','0','0'), ('198','61','作家','10','0','0'), ('199','61','白岩松','10','0','0'), ('200','61','世界','10','0','0'), ('201','61','尼尔·帕斯理查','10','0','0'), ('202','61','马云','10','0','0'), ('203','61','沈从文','10','0','0'), ('204','61','余秋雨','10','0','0'), ('205','61','故事','10','0','0'), ('206','61','爱情','10','0','0'), ('207','61','毕淑敏','10','0','0'), ('208','61','精装','10','0','0'), ('209','61','常识','10','0','0'), ('210','61','小说集','10','0','0'), ('212','61','鲁迅','10','0','0'), ('213','61','战争','10','0','0'), ('215','61','回忆录','10','0','0'), ('216','61','决策','10','0','0'), ('217','61','研究','10','0','0'), ('218','61','社会','10','0','0'), ('219','61','文化','10','0','0'), ('220','58','mx','10','0','0'), ('221','58','macbook','10','0','0'), ('222','58','imac','10','0','0'), ('223','58','ipod','10','0','0'), ('224','58','itouch','10','0','0'), ('225','58','耳线','10','0','0'), ('231','61','肉蒲团','10','0','0'), ('232','61','漫画','10','0','0'), ('233','61','四级英语','10','0','0'), ('234','61','c语言','10','0','0'), ('235','61','二级','10','0','0'), ('236','61','vf','10','0','0'), ('237','61','曲谱','10','0','0'), ('238','65','饰品盒','10','0','0'), ('239','61','公务员','10','0','0'), ('240','61','会计','10','0','0'), ('242','61','教师','10','0','0'), ('243','61','银行','10','0','0'), ('244','61','软考','10','0','0'), ('245','61','六级','10','0','0'), ('246','61','单词','10','0','0');
INSERT INTO `goods_category_keyword` VALUES ('247','58','3g','10','0','0'), ('248','58','耳机','10','0','0'), ('249','58','耳塞','10','0','0'), ('250','58','入耳式','10','0','0'), ('251','58','音响','10','0','0'), ('252','58','漫步者','10','0','0'), ('253','63','插排','10','0','0'), ('254','63','暖手宝','10','0','0'), ('255','63','台灯','10','0','0'), ('256','58','充电头','10','0','0'), ('257','64','捷安特','10','0','0'), ('258','64','giant','10','0','0'), ('259','64','merida','10','0','0'), ('260','64','滑板','10','0','0'), ('261','64','旱冰鞋','10','0','0'), ('262','64','轮滑鞋','10','0','0'), ('263','64','自平衡电动独轮车','10','0','0'), ('264','64','独轮车','10','0','0'), ('265','64','死飞','10','0','0'), ('266','58','移动硬盘','10','0','0'), ('267','64','脚踏车','10','0','0'), ('268','64','闪电','10','0','0'), ('269','64','骑行','10','0','0'), ('270','65','眼镜','10','0','0'), ('271','65','平视眼镜','10','0','0'), ('272','65','镜框','10','0','0'), ('273','65','相框','10','0','0'), ('275','61','西游记','10','0','0'), ('276','61','水浒传','10','0','0'), ('277','61','四大名著','10','0','0'), ('278','61','实战','10','0','0'), ('279','58','无线','10','0','0'), ('280','58','路由器','10','0','0'), ('281','58','交换机','10','0','0'), ('282','70','作业本','10','0','0'), ('283','70','书桌','10','0','0'), ('284','58','收音机','10','0','0'), ('285','58','录音笔','10','0','0'), ('286','58','dvd','10','0','0'), ('287','58','vcd','10','0','0'), ('288','58','earpods','10','0','0'), ('289','58','手环','10','0','0'), ('290','58','小米','10','0','0'), ('291','58','4g','10','0','0'), ('292','58','红米','10','0','0'), ('293','58','锤子','10','0','0'), ('294','58','大可乐','10','0','0'), ('295','58','米4','10','0','0'), ('296','70','拼图','10','0','0'), ('297','63','小太阳','10','0','0'), ('298','63','电热毯','10','0','0'), ('299','63','洗衣机','10','0','0'), ('300','63','冰箱','10','0','0'), ('301','63','暖鞋器','10','0','0'), ('302','63','干鞋器','10','0','0'), ('303','63','烤鞋器','10','0','0'), ('304','63','榨汁机','10','0','0'), ('305','63','电饭煲','10','0','0'), ('306','63','豆浆机','10','0','0'), ('307','63','冰淇凌机','10','0','0'), ('308','63','电磁炉','10','0','0'), ('309','63','脱毛器','10','0','0'), ('310','63','体重称','10','0','0'), ('311','63','海尔','10','0','0'), ('312','63','美的','10','0','0'), ('313','63','乐视','10','0','0'), ('314','63','海信','10','0','0'), ('315','63','格力','10','0','0'), ('316','63','康佳','10','0','0'), ('317','58','智能','10','0','0'), ('318','58','智能手环','10','0','0'), ('319','58','蓝牙','10','0','0'), ('320','58','智能穿戴','10','0','0'), ('321','58','手表','10','0','0'), ('322','58','sony','10','0','0'), ('323','58','jawbone','10','0','0'), ('324','58','note','10','0','0'), ('325','58','mini','10','0','0'), ('326','58','散热器','10','0','0'), ('327','58','安卓线','10','0','0'), ('328','58','平果线','10','0','0'), ('329','58','贴膜','10','0','0'), ('330','58','手机壳','10','0','0'), ('331','58','智能追踪器','10','0','0'), ('332','58','游戏本','10','0','0'), ('333','58','游戏机','10','0','0'), ('334','58','手柄','10','0','0'), ('340','65','置物架','10','0','0'), ('341','65','bb霜','10','0','0'), ('342','64','打气筒','10','0','0'), ('343','63','手电','10','0','0'), ('346','70','橡皮筋','10','0','0'), ('357','58','网线','10','0','0'), ('358','58','6p','10','0','0'), ('359','58','６plus','10','0','0'), ('360','63','热水袋','10','0','0'), ('361','58','mp5','10','0','0'), ('362','58','mp4','10','0','0'), ('363','58','mp3','10','0','0'), ('364','70','鞋柜','10','0','0');
INSERT INTO `goods_category_keyword` VALUES ('365','70','压缩袋','10','0','0'), ('366','64','电滑板','10','0','0'), ('367','64','踏板车','10','0','0'), ('368','70','打火机','10','0','0'), ('370','70','烟具　','10','0','0'), ('371','64','带气压表打气筒','10','0','0'), ('372','70','管包','10','0','0'), ('373','70','驮包','10','0','0'), ('375','58','nokia','10','0','0'), ('376','58','金立','10','0','0'), ('377','58','计步器','10','0','0'), ('378','70','贴纸','10','0','0'), ('379','70','便利贴','10','0','0'), ('380','65','存钱罐','10','0','0'), ('381','65','挂坠','10','0','0'), ('382','65','佛珠','10','0','0'), ('383','65','珍珠','10','0','0'), ('384','65','玛瑙','10','0','0'), ('396','61','心计','10','0','0'), ('397','61','之路','10','0','0'), ('398','61','之道','10','0','0'), ('399','58','上网卡','10','0','0'), ('400','65','裸钻','10','0','0'), ('402','70','订书机','10','0','0'), ('403','70','铅笔','10','0','0'), ('404','70','钢笔','10','0','0'), ('405','70','蜡笔','10','0','0'), ('406','70','毛笔','10','0','0'), ('409','58','外星人','10','0','0'), ('411','58','alienware','10','0','0'), ('412','58','宏基','10','0','0'), ('413','58','宏碁','10','0','0'), ('414','58','华硕','10','0','0'), ('415','63','饮水机','10','0','0'), ('416','70','挎包','10','0','0'), ('417','70','卡包','10','0','0'), ('419','58','asus','10','0','0'), ('420','58','dell','10','0','0'), ('421','58','hp','10','0','0'), ('422','63','奥克斯','10','0','0'), ('423','63','志高','10','0','0'), ('424','63','科龙','10','0','0'), ('425','63','格兰仕','10','0','0'), ('426','63','容声','10','0','0'), ('427','63','多门','10','0','0'), ('428','63','节能','10','0','0'), ('429','63','三洋','10','0','0'), ('430','63','荣事达','10','0','0'), ('431','63','小天鹅','10','0','0'), ('432','63','滚筒','10','0','0'), ('433','63','美菱','10','0','0'), ('434','63','奥马','10','0','0'), ('435','63','热水壶','10','0','0'), ('436','64','折叠车','10','0','0'), ('437','64','公路车','10','0','0'), ('438','64','速降车','10','0','0'), ('439','64','xds','10','0','0'), ('440','64','forever','10','0','0'), ('441','64','凤凰','10','0','0'), ('442','64','永久','10','0','0'), ('443','64','喜德盛','10','0','0'), ('444','64','跑狼','10','0','0'), ('445','64','新日','10','0','0'), ('446','64','airwheel','10','0','0'), ('447','64','sosport','10','0','0'), ('448','64','phonex','10','0','0'), ('451','70','腰包','10','0','0'), ('529','58','写字板','10','0','0'), ('530','58','单反','10','0','0'), ('531','70','桌子','10','0','0'), ('532','63','吹风机','10','0','0'), ('533','58','充电宝','10','0','0'), ('535','70','鞋架','10','0','0'), ('536','70','手套','10','0','0'), ('537','70','餐巾纸一包','10','0','0'), ('545','61','书','10','0','0'), ('665','66','作业','10','0','0'), ('681','70','瑜伽球','10','0','0'), ('682','70','护肘','10','0','0'), ('683','70','护膝','10','0','0'), ('684','70','护腕','10','0','0'), ('685','70','登山包','10','0','0'), ('686','70','登山杖','10','0','0'), ('687','70','篮球','10','0','0'), ('688','65','钻石','10','0','0'), ('689','65','钥匙扣','10','0','0'), ('690','70','相册','10','0','0'), ('691','65','沙漏','10','0','0'), ('692','70','小黄人','10','0','0'), ('693','70','卑鄙的我','10','0','0'), ('694','65','手工','10','0','0'), ('695','63','电子挂钟','10','0','0'), ('696','65','夜光','10','0','0'), ('700','63','卷发器','10','0','0'), ('701','63','卷发棒','10','0','0'), ('702','63','电推子','10','0','0'), ('703','63','理发器','10','0','0'), ('704','63','电热壶','10','0','0'), ('705','63','电热水壶','10','0','0'), ('706','58','落地音响','10','0','0');
INSERT INTO `goods_category_keyword` VALUES ('707','58','话筒耳机','10','0','0'), ('708','58','nexus','10','0','0'), ('709','58','s4','10','0','0'), ('710','58','s3','10','0','0'), ('711','58','galaxy','10','0','0'), ('712','58','sansung','10','0','0'), ('713','58','显卡','10','0','0'), ('714','58','内存条','10','0','0'), ('715','65','十字绣','10','0','0'), ('716','70','空气压缩袋','10','0','0'), ('718','63','电夹板','10','0','0'), ('720','65','吊坠','10','0','0'), ('721','65','黄金','10','0','0'), ('722','65','玉石','10','0','0'), ('723','65','纯银','10','0','0'), ('724','65','脚链','10','0','0'), ('725','65','复古','10','0','0'), ('726','65','鞋饰','10','0','0'), ('727','65','真钻','10','0','0'), ('728','65','镶钻','10','0','0'), ('729','58','自拍','10','0','0'), ('730','58','神器','10','0','0'), ('731','58','插卡音箱','10','0','0'), ('732','58','低音炮','10','0','0'), ('733','63','煮蛋器','10','0','0'), ('734','64','车锁','10','0','0'), ('735','64','宝马','10','0','0'), ('736','64','bmw','10','0','0'), ('737','64','碟刹','10','0','0'), ('738','64','坐管','10','0','0'), ('739','64','洛克菲勒','10','0','0'), ('740','64','大行','10','0','0'), ('741','64','飞鸽','10','0','0'), ('742','64','圣希沃','10','0','0'), ('743','64','富士达','10','0','0'), ('744','64','ucc','10','0','0'), ('745','64','优米优','10','0','0'), ('746','64','红牛','10','0','0'), ('747','64','red bull','10','0','0'), ('748','64','雅驰','10','0','0'), ('749','64','爱玛','10','0','0'), ('750','64','豪爵','10','0','0'), ('751','64','绿源','10','0','0'), ('752','64','立马','10','0','0'), ('753','64','雅迪','10','0','0'), ('754','64','铃木','10','0','0'), ('755','64','嘉陵','10','0','0'), ('756','64','钱江','10','0','0'), ('757','64','specialized','10','0','0'), ('758','64','千里达','10','0','0'), ('759','64','trinx','10','0','0'), ('760','64','捷马','10','0','0'), ('761','64','gamma','10','0','0'), ('762','64','omyo','10','0','0'), ('763','64','凯路仕','10','0','0'), ('764','64','cronus','10','0','0'), ('765','64','比安奇','10','0','0'), ('766','64','bianchi','10','0','0'), ('767','64','fuji','10','0','0'), ('768','64','emmelle','10','0','0'), ('769','64','阿米尼','10','0','0'), ('770','64','ttgo','10','0','0'), ('771','64','totem','10','0','0'), ('772','64','图腾','10','0','0'), ('773','66','课程','10','0','0'), ('774','58','四核','10','0','0'), ('775','64','碳管','10','0','0'), ('776','58','八核','10','0','0'), ('777','58','thinkpad','10','0','0'), ('782','58','蓝魔','10','0','0'), ('786','58','酷比魔方','10','0','0'), ('788','58','台电','10','0','0'), ('789','58','固态硬盘','10','0','0'), ('790','58','acer','10','0','0'), ('791','58','usb风扇','10','0','0'), ('792','58','gear','10','0','0'), ('793','58','壳套配件','10','0','0'), ('794','58','神舟','10','0','0'), ('795','58','surface','10','0','0'), ('798','64','补胎工具','10','0','0'), ('799','70','撬胎棒','10','0','0'), ('800','70','网球','10','0','0'), ('801','70','望远镜','10','0','0'), ('802','70','照明','10','0','0'), ('803','70','骆驼','10','0','0'), ('804','70','探路者','10','0','0'), ('805','70','鱼竿','10','0','0'), ('806','70','钓凳','10','0','0'), ('807','70','钓椅','10','0','0'), ('808','70','鱼钩','10','0','0'), ('809','70','路亚','10','0','0'), ('810','70','钓鱼灯','10','0','0'), ('811','70','渔具包','10','0','0'), ('812','70','垂钓箱','10','0','0'), ('813','70','护具','10','0','0'), ('814','64','码表','10','0','0'), ('815','70','旅行箱','10','0','0'), ('816','65','zippo','10','0','0'), ('817','65','都彭','10','0','0'), ('818','65','登喜路','10','0','0');
INSERT INTO `goods_category_keyword` VALUES ('819','65','百诚','10','0','0'), ('820','65','恒星','10','0','0'), ('821','65','双枪','10','0','0'), ('822','65','swatch','10','0','0'), ('823','65','西铁城','10','0','0'), ('824','65','欧米茄','10','0','0'), ('826','65','烟具','10','0','0'), ('827','65','烟嘴','10','0','0'), ('828','65','酒具','10','0','0'), ('829','65','酒壶','10','0','0'), ('830','65','不锈钢','10','0','0'), ('831','65','烟斗','10','0','0'), ('832','65','烟斗架','10','0','0'), ('833','65','卷烟器','10','0','0'), ('834','65','纯铜','10','0','0'), ('835','65','磨砂','10','0','0'), ('836','65','纯钛','10','0','0'), ('837','65','明铬','10','0','0'), ('838','65','哑漆','10','0','0'), ('839','65','威戈','10','0','0'), ('840','65','维氏','10','0','0'), ('841','65','虎牌','10','0','0'), ('842','65','威胜','10','0','0'), ('843','58','kingston','10','0','0'), ('844','58','金士顿','10','0','0'), ('845','58','飞毛腿','10','0','0'), ('846','64','亲子车','10','0','0'), ('847','64','bmx','10','0','0'), ('848','64','花式街车','10','0','0'), ('849','64','小轮车','10','0','0'), ('850','70','渔轮','10','0','0'), ('851','70','户外表','10','0','0'), ('852','70','营地灯','10','0','0'), ('853','70','烧烤架','10','0','0'), ('854','70','便携炉','10','0','0'), ('855','70','野餐垫','10','0','0'), ('856','70','吸汗带','10','0','0'), ('857','70','健腹轮','10','0','0'), ('858','70','臂力器','10','0','0'), ('859','70','握力器','10','0','0'), ('861','70','跳绳','10','0','0'), ('862','0','是否','0','0','0'), ('864','70','象棋','10','0','0'), ('865','70','飞行棋','10','0','0'), ('866','70','围棋','10','0','0'), ('867','64','直排轮','10','0','0'), ('869','64','双排轮','10','0','0'), ('870','64','滑板车','10','0','0'), ('871','64','活力车','10','0','0'), ('872','64','极限护具','10','0','0'), ('873','70','呼啦圈','10','0','0'), ('874','70','健身球','10','0','0'), ('875','70','陀螺','10','0','0'), ('876','58','便携音箱','10','0','0'), ('877','64','自行车灯','10','0','0'), ('878','64','补胎片','10','0','0'), ('879','64','多功能组合工具','10','0','0'), ('880','64','shimano','10','0','0'), ('881','64','喜玛诺','10','0','0'), ('882','64','后货架','10','0','0'), ('888','58','10寸','10','0','0'), ('889','58','win8','10','0','0'), ('890','58','拍立得','10','0','0'), ('891','58','微单','10','0','0'), ('892','58','卡片机','10','0','0'), ('893','58','小钢炮','10','0','0'), ('894','58','腾龙','10','0','0'), ('895','58','胶卷相机','10','0','0'), ('896','58','自拍神器','10','0','0'), ('897','58','阿尔帕','10','0','0'), ('898','58','柯达','10','0','0'), ('899','58','玛米亚利图','10','0','0'), ('900','58','哈苏','10','0','0'), ('901','58','充电器','10','0','0'), ('902','58','p6','10','0','0'), ('903','58','m3','10','0','0'), ('904','58','三星s5','10','0','0'), ('905','58','红米note','10','0','0'), ('906','58','smartisan','10','0','0'), ('907','58','zte','10','0','0'), ('908','58','唯米','10','0','0'), ('909','58','索尼爱立信','10','0','0'), ('910','58','努比亚','10','0','0'), ('911','58','夏普','10','0','0'), ('912','58','黑莓','10','0','0'), ('913','58','尼采','10','0','0'), ('914','58','惠普','10','0','0'), ('915','58','迪士尼','10','0','0'), ('916','58','万利达','10','0','0'), ('917','58','小蜜蜂','10','0','0'), ('918','58','朵唯','10','0','0'), ('919','58','步步高','10','0','0'), ('920','58','lumia','10','0','0'), ('921','58','miui','10','0','0'), ('922','58','n1','10','0','0'), ('923','58','安卓','10','0','0'), ('924','58','ios','10','0','0'), ('926','65','925纯银','10','0','0'), ('927','65','990纯银','10','0','0'), ('928','65','耳夹','10','0','0');
INSERT INTO `goods_category_keyword` VALUES ('929','65','耳环','10','0','0'), ('930','65','耳钻','10','0','0'), ('931','58','智能键','10','0','0'), ('932','70','八心八箭','10','0','0'), ('933','70','四叶草','10','0','0'), ('934','58','蓝牙耳机','10','0','0'), ('935','58','苹果数据线','10','0','0'), ('936','58','解锁器','10','0','0'), ('937','58','压感笔','10','0','0'), ('938','58','主机箱','10','0','0'), ('939','58','台式机','10','0','0'), ('940','58','键盘膜','10','0','0'), ('941','58','摄像头','10','0','0'), ('942','58','追光豹','10','0','0'), ('943','58','冰兽','10','0','0'), ('944','58','得意龙','10','0','0'), ('945','0','卧槽','0','0','0'), ('946','63','验钞','10','0','0'), ('947','58','电子代金券','10','0','0'), ('948','58','优惠券','10','0','0'), ('949','58','代金券','10','0','0'), ('950','58','充值卡','10','0','0'), ('951','58','抵用券','10','0','0'), ('952','70','购物券','10','0','0'), ('953','70','墨水','10','0','0'), ('954','58','手机支架','10','0','0'), ('955','58','懒人支架','10','0','0'), ('956','58','爱国者','10','0','0'), ('957','58','五元素','10','0','0'), ('958','58','荣耀','10','0','0'), ('959','58','honor','10','0','0'), ('960','58','3c','10','0','0'), ('961','58','x3t','10','0','0'), ('962','58','xshot','10','0','0'), ('963','58','xplay','10','0','0'), ('964','58','品胜','10','0','0'), ('965','58','迪比科','10','0','0'), ('966','58','罗马仕','10','0','0'), ('967','58','羽博','10','0','0'), ('968','58','摩米士','10','0','0'), ('969','58','爱唯克思','10','0','0'), ('970','58','电小二','10','0','0'), ('971','58','东芝','10','0','0'), ('972','58','雷蛇','10','0','0'), ('973','58','富士通','10','0','0'), ('974','58','nikon','10','0','0'), ('996','58','戴尔','10','0','0'), ('998','0','全新','0','0','0'), ('999','0','全新的iphone6 土豪金','0','0','0'), ('1001','0','水杯','0','0','0'), ('1004','70','手办','10','0','0'), ('1005','0','特斯拉','0','0','0'), ('1006','0','特斯拉  model s','0','0','0'), ('1011','70','水杯','10','0','0'), ('1012','0','啊啊啊啊','0','0','0'), ('1014','0','《情人》玛格丽特','0','0','0'), ('1015','0','玛格丽特·杜拉斯《情人》一书','0','0','0'), ('1017','0','手','0','0','0'), ('1018','61','玛格丽特·杜拉斯','10','0','0'), ('1019','61','小时代','10','0','0'), ('1020','58','电子阅读器','10','0','0'), ('1021','58','kindle','10','0','0'), ('1022','61','建筑','10','0','0'), ('1023','61','动漫','10','0','0'), ('1025','61','摄影','10','0','0'), ('1026','61','书法','10','0','0'), ('1027','61','易中天','10','0','0'), ('1028','63','新一代暖宝宝','10','0','0'), ('1029','63','暖手袋','10','0','0'), ('1030','70','潜水镜','10','0','0'), ('1031','0','周孟的车','0','0','0'), ('1032','70','水壶','10','0','0'), ('1033','0','xxxxxxxxxxxxx','0','0','0'), ('1034','0','购物袋','0','0','0'), ('1035','0','未来','0','0','0'), ('1036','0','坐垫','0','0','0'), ('1037','0','维修','0','0','0'), ('1038','0','工具','0','0','0'), ('1039','0','货架','0','0','0'), ('1040','0','后货架','0','0','0'), ('1041','0','维修 工具','0','0','0'), ('1042','0','数码产品','0','0','0'), ('1043','64','座驾','10','0','0'), ('1044','0','数码','0','0','0'), ('1045','0','后座驾','0','0','0'), ('1046','0','坐骑','0','0','0'), ('1047','0','作假','0','0','0'), ('1048','0','维修工具','0','0','0'), ('1049','65','发箍','10','0','0'), ('1051','0','opp','0','0','0'), ('1052','70','小包包','1','0','0'), ('1053','70','小苹果','10','0','0'), ('1054','0','mx2','0','0','0'), ('1055','65','机械表','10','0','0'), ('1056','65','情侣表','10','0','0'), ('1057','65','水晶','10','0','0'), ('1058','65','宝石','10','0','0'), ('1059','65','和田玉','10','0','0'), ('1060','65','青玉','10','0','0'), ('1061','65','玉佩','10','0','0');
INSERT INTO `goods_category_keyword` VALUES ('1062','65','袖钉','10','0','0'), ('1063','65','袖扣','10','0','0'), ('1064','65','领针','10','0','0'), ('1065','65','招财猫','10','0','0'), ('1066','63','剃毛器','10','0','0'), ('1067','63','苏泊尔','10','0','0'), ('1068','63','原汁机','10','0','0'), ('1069','63','取暖器','10','0','0'), ('1070','63','咖啡机','10','0','0'), ('1071','63','超人','10','0','0'), ('1072','65','弥勒佛','10','0','0'), ('1074','58','笔记本','10','0','0'), ('1077','58','一体机','10','0','0'), ('1078','58','yas','10','0','0'), ('1079','58','电子词典','10','0','0'), ('1080','58','单电','10','0','0'), ('1081','58','录音机','10','0','0'), ('1082','70','xxx','1','0','0'), ('1083','0','谢谢','0','0','0'), ('1084','0','bbb','0','0','0'), ('1085','0','s\'s\'s','0','0','0'), ('1086','70','包包','1','0','0'), ('1087','0','','0','0','0'), ('1089','58','amd','10','0','0'), ('1090','58','intel','10','0','0'), ('1091','58','msi','10','0','0'), ('1092','58','toshiba','10','0','0'), ('1093','58','技嘉','10','0','0'), ('1094','58','双飞燕','10','0','0'), ('1095','58','狼蛛','10','0','0'), ('1096','58','微软','10','0','0'), ('1097','58','microsoft','10','0','0'), ('1098','58','罗技','10','0','0'), ('1099','58','超薄','10','0','0'), ('1100','58','赛睿','10','0','0'), ('1101','58','雷柏','10','0','0'), ('1102','58','精灵','10','0','0'), ('1103','58','血手幽灵','10','0','0'), ('1104','58','razer','10','0','0'), ('1105','58','浦科特','10','0','0'), ('1106','58','ocz','10','0','0'), ('1107','58','美光','10','0','0'), ('1108','58','威刚','10','0','0'), ('1109','58','闪迪','10','0','0'), ('1110','58','wifi','10','0','0'), ('1111','0','头盔','0','0','0'), ('1112','64','头盔','10','0','0'), ('1113','66','笔记','10','0','0'), ('1114','70','完全锁定期为','1','0','0'), ('1115','70','充电热宝宝','1','0','0'), ('1116','61','怪诞行为学','1','0','0'), ('1117','0','dnf  北京一区   金币','0','0','0'), ('1118','0','dnf  北京一区   金币1000w=28rmb','0','0','0'), ('1119','0','dnf   北京一区   1000w=28rmb','0','0','0'), ('1120','70','123','1','0','0'), ('1121','61','习惯的力量','1','0','0'), ('1122','0','怪诞行为学（全册）','0','0','0'), ('1123','61','怪诞行为学全册','1','0','0'), ('1124','0','地平线250豪华跑摩','0','0','0'), ('1125','0','【全新！非二手】','0','0','0'), ('1126','70','【全新!!!非二手!!!】l家棉被','1','0','0'), ('1127','70','【全新!!!非二手!!!】l家棉被挥泪甩卖！','1','0','0'), ('1128','0','实物拍摄','0','0','0'), ('1129','0','不黑不吹，我只是想知道这个能不能当贴吧用','0','0','0'), ('1130','0','我只是想知道这个能不能当贴吧用，大家进来聊聊天呗','0','0','0'), ('1131','70','大家进来聊聊天呗。我只是想知道这个能不能当贴吧用，顺便看看gif图象能不能动。','1','0','0'), ('1132','70','【尤麦全新羽绒服】','1','0','0'), ('1133','0','2314','0','0','0');
INSERT INTO `goods_comment` VALUES ('340','559','20','1417331473','113','0','0','10'), ('341','436','没得，我没事买一个大一个小订书机用啊','1417402275','150','113','334','10'), ('342','439','5656','1417414311','165','113','193','10'), ('343','562','没进水什么的吧？','1417490037','113','0','0','10'), ('344','563','3000嘛 二手还买那么贵','1417490495','113','0','0','10'), ('345','562','怎么会呢','1417492742','119','113','343','10'), ('346','563','就有还价的机会吗就？？？？','1417509081','151','0','0','10'), ('347','570','哇，好好看的U盘哦，好喜欢，我要攒钱买！10个月应该就攒够了！等我！','1417612599','171','0','0','10'), ('348','570','快赶紧买下来！','1417614733','170','171','347','10'), ('349','573','怎么就一张图片啊！！！','1417663787','119','0','0','10'), ('350','578','30卖不','1417686461','119','0','0','10'), ('351','569','店家 这个也太贵了吧 便宜点嘛','1417745794','152','0','0','10'), ('352','563','i3都敢卖那么贵 不要吓我','1417745858','152','0','0','10'), ('353','572','老板，灯泡坏了几个？','1417745897','152','0','0','10'), ('354','574','再便宜一点嘛 五十卖不卖 老板','1417745933','152','0','0','10'), ('355','569','亲，不刀哦！！','1417748601','119','152','351','10'), ('356','602','看着不错。就是贵了点','1417780612','113','0','0','10'), ('357','602','没办法啊~拿来的时候价格也挺贵的。','1417789446','271','113','356','10'), ('358','602','哎 还好有暖气顶住啊','1417833735','113','271','357','10'), ('359','569','书而已嘛 便宜点咯','1417833874','152','119','355','10'), ('360','608','长途骑行过没有？','1418030276','113','0','0','10'), ('361','607','三样十块？','1418030302','113','0','0','10'), ('362','569',' 你看你出多少','1418106618','119','152','359','10'), ('363','608','这自行车也要1000啊，为什么感觉很多同学卖二手的东西比新的还要贵啊 ，','1418106852','196','0','0','10'), ('364','602','看起来好赞呀~居家必备的感觉 哈哈 老板求私聊 咱们商量下价格咯 想买','1418135139','315','0','0','10'), ('365','575','uyfyuf','1418136366','119','0','0','10'), ('366','575','jhghj','1418136373','119','0','0','10'), ('367','607','一样10块','1418195174','203','113','361','10'), ('368','602','行，线上线下都可以。','1418272409','271','315','364','10'), ('369','607','ok','1418382041','113','203','367','10'), ('370','607','需要可以电话联系我13984156104','1418393623','203','113','369','10'), ('371','608','同学您好，这辆自行车原价带配件1600+，如您需要我可附有价格的相关信息，此外，车辆保持尚完好，','1418443420','300','196','363','10'), ('372','608','所以卖家出于自身情况考虑先喊出1000尚觉不过分，如同学真有诚意需要，详细情况可面议','1418443489','300','196','363','10'), ('373','608','同学您好，卖家自身觉得此车不属于长途骑行车范畴，其气质应仅与校园向契合','1418443582','300','113','360','10'), ('374','608','同学您好，卖家自身觉得此车不属于长途骑行车范畴，其气质应仅与校园向契合','1418443616','300','113','360','10'), ('375','609','看起来还不错','1418554191','151','0','0','10'), ('376','610','GIF图片不能动，略可惜了。跟帖留言到100楼发福利，你们懂的~','1418555444','170','0','0','10'), ('377','610','感人，有没有人来板聊啊~','1418555576','170','0','0','10'), ('378','609','摸起来更不错','1418613803','300','151','375','10'), ('379','610','原图是可以动的，但从七牛转过来，我们设置的图片格式，所以就木有咯','1418643639','119','170','376','10'), ('380','610','不能发评论呀，只能回复，留言算评论？？','1418704496','244','170','376','10'), ('381','610','想知道到底有多少人在用呢？','1418704525','244','0','0','10'), ('382','611','看起来不错诶','1418731135','119','0','0','10'), ('383','610','我们主要是想法是淡化评论，使用留言和回复的方式展现交流内容','1418737747','119','244','380','10'), ('384','610','用习惯了评论，留言的位置在楼顶容易看见，方便','1418788396','244','119','383','10'), ('385','610','聊天不就是一个人起个话头然后你回我一句，我回你一句聊起来的吗，我们就当做是聊天吧。','1418828278','170','244','380','10'), ('386','610','其实倒是一个意思，不如把平台交流的功能完善好，你看平时贴吧的各种二手交易帖不就有很多互动吗。与其在一','1418828353','170','119','383','10'), ('387','610','个交易平台上发展社区文化，不如在一个社区论坛上发展交易模块。','1418828388','170','119','383','10'), ('388','610','我们也那样想过，但那样会把重心偏向社区，而不是交易。','1418867118','119','170','386','10'), ('389','610','好吧','1418908633','244','170','385','10'), ('390','574','额。全新的哇','1419234027','150','152','354','10'), ('391','569','潇洒擦色彩','1422334418','119','0','0','10'), ('392','569','飞洒分','1422499642','119','0','0','10');
INSERT INTO `goods_img` VALUES ('1125','561','Fo3R9GobuWgVDv-cy0GNXM7vn33j','1417487695','乐放小音响 笔记本音响','10'), ('1126','561','Fs_BnhEGs6knGvSNlhlk4832TQL-','1417487696','乐放小音响 笔记本音响','10'), ('1127','562','Fu5QNzTTotRJn9ZtPB3Qr3H6mtxm','1417488582','魅族MX(M301) 熊猫机','10'), ('1128','562','FkJIaLcZvKbjpKS3ugUlrkrVyPlk','1417488588','魅族MX(M301) 熊猫机','10'), ('1129','562','FlAYnvBpUf2or_oOUSZ4pWS_zCi2','1417488591','魅族MX(M301) 熊猫机','10'), ('1130','562','FrvlPcJH86wZGTryt5nZdYCESDkJ','1417488595','魅族MX(M301) 熊猫机','10'), ('1131','563','FkrPWr6cVa4SRhLTc9jm0xGlPo4v','1417490237','Dell电脑 inspiron系列 i3处理器','10'), ('1132','563','FoEe89BgwifgpnPXuYIracM-IZiY','1417490245','Dell电脑 inspiron系列 i3处理器','10'), ('1133','563','Frs-AzZFfk6V9ZSaEem5Q-V3H4Dl','1417490250','Dell电脑 inspiron系列 i3处理器','10'), ('1134','564','FiZnrDmusGrJkt9WkWzYui-HsDqH','1417490332','魅族 MX2 ','10'), ('1135','564','Fp4Odj5y4K4oyiaysjKNJPyz73jo','1417490341','魅族 MX2 ','10'), ('1136','564','Fqflar-8oHaTQes1cmXgC3emFCDz','1417490348','魅族 MX2 ','10'), ('1137','564','FnkzDYoG2K8Dr0WWJuGVIj5vepCi','1417490348','魅族 MX2 ','10'), ('1139','566','Fg1zWbzKhHM-SK3zlHFXpo30BJrq','1417491402','','0'), ('1140','567','FnB1jvBq5JXjsLUTOi0DPDIaBYIl','1417491402','充电热宝宝','10'), ('1141','567','FuS0mv2ypt2ozPFGVWonBOL9OLda','1417491416','充电热宝宝','10'), ('1142','568','Fg1zWbzKhHM-SK3zlHFXpo30BJrq','1417491572','充电热宝宝','10'), ('1143','568','FnB1jvBq5JXjsLUTOi0DPDIaBYIl','1417491579','充电热宝宝','10'), ('1144','568','FuS0mv2ypt2ozPFGVWonBOL9OLda','1417491584','充电热宝宝','10'), ('1145','569','FtNo__Xi5zYO1jIwFjs5UdPH8pij','1417608094','实战突击:ASP.NET 项目开发案例整合 ','10'), ('1146','569','FjvqjqLC3YNlWfOVKqVXzSoKenCd','1417608097','实战突击:ASP.NET 项目开发案例整合 ','10'), ('1147','569','Fno-MVeHoiMsf8IzBBqJ-XUKyYlO','1417608102','实战突击:ASP.NET 项目开发案例整合 ','10'), ('1149','571','FmRpnIW2nKA1CsHG8RpB6Bz8tnzv','1417608424','','0'), ('1151','570','Fmmj09CxKgvOUaKwKw16dxl_L13w','1417608490','【金士顿U盘】Data Traveler Locker+G3  USB3.0 16GB 全金属硬加密','10'), ('1152','570','FtBzuKl3QdEwRB6_dxKahiP9m_-S','1417608491','【金士顿U盘】Data Traveler Locker+G3  USB3.0 16GB 全金属硬加密','10'), ('1153','570','Fpdmmsx-eJ7PCymMbdgi-PhJ6kaB','1417608516','【金士顿U盘】Data Traveler Locker+G3  USB3.0 16GB 全金属硬加密','10'), ('1154','570','FqTXfz_gXWDx9i5fjT7rm0AjQq-D','1417608516','【金士顿U盘】Data Traveler Locker+G3  USB3.0 16GB 全金属硬加密','10'), ('1155','570','Fh4a1bu5vTdFUikegUgn58i9z45d','1417609937','【金士顿U盘】Data Traveler Locker+G3  USB3.0 16GB 全金属硬加密','10'), ('1156','572','FkJ33imQZfXy9dBqCJD50jg1LQYW','1417615565','汉堡包包台灯，买回来不怎么用，马上毕业了想卖出去','10'), ('1157','572','Fn9mKuou9emJPp8oAWukwn5AVvWe','1417615593','汉堡包包台灯，买回来不怎么用，马上毕业了想卖出去','10'), ('1158','573','Fql3KWRY7cjgpssgqWgyj1Vsj_aB','1417615838','怪诞行为学','10'), ('1160','574','FlT1tVYASg3LOYCwsRXluhB3_LqD','1417616144','彩阳电热毯','10'), ('1161','575','FpgY1mpAjxTA1V1s_t-VLME1laFe','1417618565','开林铝合金台灯8成新','10'), ('1162','575','FljbcMHGw1nj42L5jdliVFFhILgd','1417618591','开林铝合金台灯8成新','10'), ('1163','576','Fk_fHYM2Gp18kjVwzu9EHBgT5PmN','1417619073','123','10'), ('1164','577','FhFI8gR1XwKtN9SHVrCAt0iRh6KN','1417623004','','0'), ('1165','578','FvNnCn3A0ppyHRKZs33vuUp_k_WW','1417662301','从你的全世界路过 张嘉佳','10'), ('1166','578','Fnz7imYHIfXBMJGswL6PsONDmZlm','1417662307','从你的全世界路过 张嘉佳','10'), ('1167','578','FqPKBI7Sa6f6-EZyHnb78hzsOKRR','1417662313','从你的全世界路过 张嘉佳','10'), ('1168','579','Fm8L22mm1k016FQmI0Qw9DGywKT8','1417664196','习惯的力量','10'), ('1169','579','Fot2Id2VUwil8N3GqnlZUHwADSyL','1417664201','习惯的力量','10'), ('1170','580','Frs8i5Lgd44NheDM0U1IpIZDFEL2','1417667155','怪诞行为学全册','10'), ('1171','580','Fm1D_mG7p0eeEXe6HU3h3seZGalc','1417667162','怪诞行为学全册','10'), ('1172','580','FoSLeup6YqzHr1v1aQcFa4BE5Znx','1417667166','怪诞行为学全册','10'), ('1173','581','FqvcOlCo3Kwj0q0E2OglT0loS_XC','1417713270','','0'), ('1174','581','Foq6qjbSgBhrM7rtyqA7zhO6NcTB','1417713281','','0'), ('1175','581','FkKDucmeuF1ckDjEPemvTbwb_0W5','1417713291','','0'), ('1176','581','Fjmmk23DljIuTNiI9ghZPGAJnm4v','1417713292','','0'), ('1177','587','Fht2qATgB8XjlNy2_4WVbJfWkbqJ','1417758958','','0'), ('1178','582','Ft19uLeI2Y8rp2qB8QU2VVnm52CX','1417758958','','0'), ('1179','583','FoCu1h3QYkzeFSWVnhNHB8SgjfzG','1417758958','','0'), ('1180','585','FrItjcxycftNd26LSXSoikkoKfVd','1417758958','','0'), ('1181','584','FgCmEM6QptJ6WZime8yGl5ZE5l1M','1417758958','','0'), ('1182','586','FiRmv4yDfh50eutRqedjGHeFhPq6','1417758958','','0'), ('1183','588','FsHV6VsiHgtLt1g7Jw6ImQ3Leyey','1417758958','','0'), ('1184','589','FmJ1-TylMiq7r8EqnBT9fuBHrQMV','1417758958','','0'), ('1185','590','Fu7REPBPGQTJPt7JxYtvID0DeQfS','1417758958','','0'), ('1186','591','FkIH1AY7-Gkgt8CzjMcU1zD-lm7g','1417758958','【全新!!!非二手!!!】L家棉被挥泪甩卖！','10'), ('1187','594','FoCu1h3QYkzeFSWVnhNHB8SgjfzG','1417759856','','0'), ('1188','592','Fht2qATgB8XjlNy2_4WVbJfWkbqJ','1417759856','','0'), ('1189','596','Fu7REPBPGQTJPt7JxYtvID0DeQfS','1417759856','','0'), ('1190','597','FiRmv4yDfh50eutRqedjGHeFhPq6','1417759856','','0'), ('1191','595','Ft19uLeI2Y8rp2qB8QU2VVnm52CX','1417759856','','0'), ('1192','593','FsHV6VsiHgtLt1g7Jw6ImQ3Leyey','1417759856','','0'), ('1193','598','FmJ1-TylMiq7r8EqnBT9fuBHrQMV','1417759857','','0'), ('1194','599','FgCmEM6QptJ6WZime8yGl5ZE5l1M','1417759857','','0'), ('1195','600','FkIH1AY7-Gkgt8CzjMcU1zD-lm7g','1417759857','','0'), ('1196','601','FrItjcxycftNd26LSXSoikkoKfVd','1417759857','【全新!!!非二手!!!】L家棉被挥泪甩卖！','10'), ('1197','602','FsHV6VsiHgtLt1g7Jw6ImQ3Leyey','1417760493','【全新!!!非二手!!!】L家棉被','10'), ('1199','602','FiRmv4yDfh50eutRqedjGHeFhPq6','1417760510','【全新!!!非二手!!!】L家棉被','10'), ('1200','602','FmJ1-TylMiq7r8EqnBT9fuBHrQMV','1417760536','【全新!!!非二手!!!】L家棉被','10'), ('1201','602','Fht2qATgB8XjlNy2_4WVbJfWkbqJ','1417760543','【全新!!!非二手!!!】L家棉被','10'), ('1202','602','Fu7REPBPGQTJPt7JxYtvID0DeQfS','1417760556','【全新!!!非二手!!!】L家棉被','10'), ('1203','602','FoCu1h3QYkzeFSWVnhNHB8SgjfzG','1417760566','【全新!!!非二手!!!】L家棉被','10'), ('1204','602','FkIH1AY7-Gkgt8CzjMcU1zD-lm7g','1417760572','【全新!!!非二手!!!】L家棉被','10'), ('1205','602','FgCmEM6QptJ6WZime8yGl5ZE5l1M','1417760579','【全新!!!非二手!!!】L家棉被','10'), ('1206','602','Ft19uLeI2Y8rp2qB8QU2VVnm52CX','1417760585','【全新!!!非二手!!!】L家棉被','10'), ('1207','603','Flnft0PqIeInjoCkNe1gZGtkiXwz','1417855009','','0'), ('1208','604','Fi19gpXtaRNjc2jxI-_Zwj4KQ2HA','1417855017','','0'), ('1209','605','FlUbyqFm40cLM2usYDKU06I-65Se','1417855021','','0'), ('1210','605','FnBExCF8a0DxnM9t7KBlbuaMfHk6','1417855030','','0'), ('1211','605','Fmd3PFyYuS11xSeE8EbSpJyw_MhU','1417855034','','0'), ('1212','605','FoMqHWcup4MG_YBuYra2V-yuJdu-','1417855037','','0'), ('1213','605','Frs6Z8bUI9_ZhY20tMzMs_mn6Gg3','1417855037','','0'), ('1214','605','FltRMnugCvIeyS0o6lmueygvQMSB','1417855042','','0'), ('1215','605','FkZ033-tJAN05N-chYGgX5zOkoBc','1417855044','','0'), ('1216','606','Frs6Z8bUI9_ZhY20tMzMs_mn6Gg3','1417855117','','0'), ('1217','606','Fi19gpXtaRNjc2jxI-_Zwj4KQ2HA','1417855122','','0'), ('1218','607','FnBExCF8a0DxnM9t7KBlbuaMfHk6','1417855791','小饰品，十层新','10'), ('1219','607','FltRMnugCvIeyS0o6lmueygvQMSB','1417855796','小饰品，十层新','10'), ('1220','607','FkZ033-tJAN05N-chYGgX5zOkoBc','1417855803','小饰品，十层新','10'), ('1222','608','FulcLKbb6rKdeIIo6vTeiBdYStYV','1418012222','实物拍摄 男女通用校园文艺复古车 详情面谈','10'), ('1224','608','FuhjMhWjI--V0CPE0LpoM7Noa4Z0','1418012222','实物拍摄 男女通用校园文艺复古车 详情面谈','10'), ('1226','608','FoJptYGUrvSUYXIjOZo3oz7DDwpE','1418012255','实物拍摄 男女通用校园文艺复古车 详情面谈','10'), ('1227','608','Fg1xEDUU0VK-6AXS4yLEDkDJZLAX','1418012269','实物拍摄 男女通用校园文艺复古车 详情面谈','10'), ('1228','608','FnwFDW-iHq_eWT3Rh62u59fojyar','1418012282','实物拍摄 男女通用校园文艺复古车 详情面谈','10'), ('1229','608','Flnm-Jvrw7L6tq_X7bTETz8kCaKN','1418012476','实物拍摄 男女通用校园文艺复古车 详情面谈','10'), ('1234','609','FpXgbQJmHG-R0lG7umOGQvTSLjBZ','1418476340','复古做旧皮包 实物拍摄 轻微瑕疵 有的商量','10'), ('1235','609','FrWvAY3j4NG78yeR4RvIQlWUJuRt','1418476410','复古做旧皮包 实物拍摄 轻微瑕疵 有的商量','10'), ('1236','609','FqbIds37jOzkgz33m_shYPQm2r48','1418476479','复古做旧皮包 实物拍摄 轻微瑕疵 有的商量','10');
INSERT INTO `goods_img` VALUES ('1237','609','FvKIDQopKc6j-XRVWDEDwZo6Jicx','1418476495','复古做旧皮包 实物拍摄 轻微瑕疵 有的商量','10'), ('1238','610','FuoV92FUVOBSgoQSj35blBmmYjZ0','1418555353','大家进来聊聊天呗。我只是想知道这个能不能当贴吧用，顺便看看GIF图象能不能动。','10'), ('1239','611','Fv9hnIe3HBDmNwnK9zHcYm9D6sRg','1418728185','【尤麦全新羽绒服】','10'), ('1240','611','FqNUQPLpsyTIwbjLEnQ2xDUvuJOg','1418728198','【尤麦全新羽绒服】','10'), ('1241','612','Fl8GWT8niR_iEGbW-8Frc4-6huI4','1418983631','','0');
INSERT INTO `goods_in_service` VALUES ('561','0','10'), ('562','2','10'), ('563','2','10'), ('564','2','10'), ('567','2','10'), ('568','2','10'), ('569','2','10'), ('570','2','10'), ('572','0','10'), ('573','0','10'), ('574','0','10'), ('575','2','10'), ('576','0','10'), ('578','2','10'), ('579','0','10'), ('580','0','10'), ('591','0','10'), ('601','0','10'), ('602','0','10'), ('607','0','10'), ('608','0','10'), ('609','0','10'), ('610','0','10'), ('611','0','10');
INSERT INTO `goods_search` VALUES ('3980','591','0130 4011 4834 ! ! ! 2339 2294 4254 ! ! ! 0131 l 2850 3562 1727 2751 3265 4306 3484 0301   1 0 0 % 4011 3562 1836 5442   2463 2822 4 2979 4834 2914 3562 1727 0312 1963 3475   2 1 5 c m x 1 7 0 c m 0103 5027 2018 3562 1727 3141 5052 5258 3962 4250 2018 414','【 全 新 ! ! ! 非 二 手 ! ! ! 】 l 家 棉 被 挥 泪 甩 卖 ！   1 0 0 % 全 棉 材 质   高 级 4 斤 新 疆 棉 被 ， 尺 码   2 1 5 c m x 1 7 0 c m 。 一 床 棉 被 可 以 在 寝 室 床 上 铺 两 层 ， 无 论 你 是 作 为 单 盖 还 是 冬 天 裹 在 里 面 都 非 常 暖 和 ， 透 气 性 十 足 。 附 带 一 个 收 纳 袋 ， 也 是 在 办 公 室 睡 觉 的 老 师 们 福 音 。'), ('3981','601','0130 4011 4834 ! ! ! 2339 2294 4254 ! ! ! 0131 l 2850 3562 1727 2751 3265 4306 3484 0301   1 0 0 % 4011 3562 1836 5442   2463 2822 4834 2914 4 2979 3562 1727 0312 1963 2071 :   2 1 5 x 1 7 0 c m 0103 3562 1727 2136 1963 2071 2083 0312 5567 3141 5052 5258 ','【 全 新 ! ! ! 非 二 手 ! ! ! 】 l 家 棉 被 挥 泪 甩 卖 ！   1 0 0 % 全 棉 材 质   高 级 新 疆 4 斤 棉 被 ， 尺 寸 :   2 1 5 x 1 7 0 c m 。 棉 被 的 尺 寸 大 ， 足 可 以 在 寝 室 的 床 上 铺 两 层 。 你 可 以 单 独 盖 一 层 ， 也 可 以 全 身 缩 在 里 面 ， 棉 被 的 透 气 性 非 常 好 ， 既 暖 和 又 不 会 让 你 觉 得 厚 重 。 另 附 一 个 收 纳 袋 ， 也 是 办'), ('3982','602','0130 4011 4834 ! ! ! 2339 2294 4254 ! ! ! 0131 l 2850 3562 1727   1 0 0 % 4011 3562 1836 5442   2463 2822 4834 2914 4 2979 3562 1727 0312 1963 2071 :   2 1 5 x 1 7 0 c m 0103 3562 1727 2136 1963 2071 2083 0312 5567 3141 5052 5258 3962 4250 2136 2018 4147 ','【 全 新 ! ! ! 非 二 手 ! ! ! 】 l 家 棉 被   1 0 0 % 全 棉 材 质   高 级 新 疆 4 斤 棉 被 ， 尺 寸 :   2 1 5 x 1 7 0 c m 。 棉 被 的 尺 寸 大 ， 足 可 以 在 寝 室 的 床 上 铺 两 层 。 你 可 以 单 独 盖 一 层 ， 也 可 以 全 身 缩 在 里 面 ， 棉 被 的 透 气 性 非 常 好 ， 既 暖 和 又 不 会 让 你 觉 得 厚 重 。 另 附 一 个 收 纳 袋 ， 也 是 办 公 室 老 师 午'), ('3983','607','4801 4246 3823 0312 4214 1867 4834   4005 3674 2988 2136 2785 3527 3484 4574 2136 0312 4754 5258 2988 2859 2006 3277 2635 3343','小 饰 品 ， 十 层 新   去 年 进 的 货 没 卖 完 的 ， 现 在 进 价 处 理 好 了'), ('3984','608','4221 4679 3736 4167   3648 3714 4508 5135 4803 5216 4636 5053 2420 2537 1921   4774 3973 3570 4424   4144 3823 2947 2083   4774 3973 3570 4424','实 物 拍 摄   男 女 通 用 校 园 文 艺 复 古 车   详 情 面 谈   商 品 较 大   详 情 面 谈'), ('3985','609','2420 2537 5586 3041 3804 1692   4221 4679 3736 4167   3965 4602 7206 2035   5148 2136 4144 3331   5148 2136 4144 3331  ','复 古 做 旧 皮 包   实 物 拍 摄   轻 微 瑕 疵   有 的 商 量   有 的 商 量  '), ('3986','610','2083 2850 2988 3220 3336 3336 4476 6334 0103 4650 5427 4239 4775 5410 2132 5366 2486 3660 1827 3660 2117 4489 1641 5135 0312 4319 1767 3120 3120 g i f 4528 4783 3660 1827 3660 2215 0103   4314 4491','大 家 进 来 聊 聊 天 呗 。 我 只 是 想 知 道 这 个 能 不 能 当 贴 吧 用 ， 顺 便 看 看 g i f 图 象 能 不 能 动 。   水 帖'), ('3987','611','0130 5140 3483 4011 4834 5180 4062 2394 0131   1740 3876 2902 2174 1767 5043 5027 1657 2264 0312 5213 2859 4 6 0 0312 4311 4214 2294 2526 3482 2136 5140 3483 2850 5180 4062 2394 0103 4011 4834 2088 2185 3738 0103 5140 3483 4284 5158 2463 2243 3714 5516 01','【 尤 麦 全 新 羽 绒 服 】   比 旗 舰 店 便 宜 一 百 多 ， 原 价 4 6 0 ， 双 十 二 购 买 的 尤 麦 家 羽 绒 服 。 全 新 带 吊 牌 。 尤 麦 属 于 高 端 女 装 。 原 宝 贝 地 址 h t t p : / / i t e m . t a o b a o . c o m / i t e m . h t m ? s p m = a 1 z 1 0 . 5 . w 4 0 0 2 - 3 2 7 4 3 7 7 0 2 2 . 3 4 . h r a d y'), ('3970','569','4221 5329 4527 2787 : a s p . n e t   4778 3631 3110 2302 1624 3293 5391 2647     4907 1764 1944 4515 4812 0312 3220 2467 3880 0301 2660 1827 2077 2136 5027 1730 4273 0312 2918 2135 2660 4774 4724 0301','实 战 突 击 : a s p . n e t   项 目 开 发 案 例 整 合     学 编 程 童 鞋 ， 来 搞 起 ！ 很 不 错 的 一 本 书 ， 讲 得 很 详 细 ！'), ('3971','570','0130 2980 4231 2257 u 3744 0131 d a t a   t r a v e l e r   l o c k e r + g 3     u s b 3 . 0   1 6 g b   4011 2980 4284 5118 2851 3560   1 4 3674 1 0 5234 2155 3009 2211 3482 2136 u 3744 0312 2129 4754 5258 5018 3527 5285 3520 5135 2593 0312 9 1941 4834 ','【 金 士 顿 u 盘 】 d a t a   t r a v e l e r   l o c k e r + g 3     u s b 3 . 0   1 6 g b   全 金 属 硬 加 密   1 4 年 1 0 月 底 京 东 买 的 u 盘 ， 到 现 在 也 没 怎 么 用 过 ， 9 成 新 ， 出 售 原 因 是 u 盘 不 兼 容 l i n u x 操 作 系 统 。 因 为 是 硬 件 加 密 的 u 盘 （ 非 常 安 全 可 靠 ） ， 所 以 价 格 比 普 通 盘 略 高'), ('3972','572','2626 1704 1692 1692 4408 2138 0312 3482 2756 3220 1827 5285 3520 5135 0312 3477 4147 1747 5021 3343 4775 3484 1986 4005   1968 2171 2228 2725 2660 2635   0312 2088 5537 4005 3636 3279 2228 2660 2329 1767 0312 1827 5328 2156 2329 0312 3329 5454 3333 2240','汉 堡 包 包 台 灯 ， 买 回 来 不 怎 么 用 ， 马 上 毕 业 了 想 卖 出 去   充 电 都 还 很 好   ， 带 着 去 哪 里 都 很 方 便 ， 不 占 地 方 ， 两 种 亮 度'), ('3973','573','2554 2114 4848 4610 4907   3120 4574 3343 0312 2337 5537 5018 3527 5066 4328 0312 3736 4167 4953 4111 1768 3919 3343 0312 4775 5010 2136 2716 0312 4005 4588 4147 3120 3120 4953 4111 0312 2725 2660 4834 2136','怪 诞 行 为 学   看 完 了 ， 放 着 也 没 意 思 ， 拍 摄 颜 色 变 浅 了 ， 想 要 的 话 ， 去 网 上 看 看 颜 色 ， 还 很 新 的'), ('3974','574','1842 4984 2171 4040 4426   4011 4834 0312 3527 5135 2593','彩 阳 电 热 毯   全 新 ， 没 用 过'), ('3975','575','3110 3354 3433 2647 2980 4408 2138 8 1941 4834   4075 4254 1675 3674 0312 4662 2714 2659 0312 4754 5258 5010 1986 4005 5350 2504 5587 3343 0312 3484 2184 3343 0103','开 林 铝 合 金 台 灯 8 成 新   入 手 半 年 ， 无 划 痕 ， 现 在 要 出 去 找 工 作 了 ， 卖 掉 了 。'), ('3976','576','1 2 3  ','1 2 3  '), ('3977','578','2051 3667 2136 4011 4232 2971 3423 2593   5337 2846 2849   2453 2453 3482 3220 5027 2486 4839 3858 0312 5106 2435 4367 4239 4011 4834 0312 5082 4610 2660 1614 4707 2136 0103 \r 5337 2846 2849 2136 3011 5516 1730 3722 0312 2660 1827 2077 2136 4273 3656 0103','从 你 的 全 世 界 路 过   张 嘉 佳   刚 刚 买 来 一 个 星 期 ， 应 该 算 是 全 新 ， 因 为 很 爱 惜 的 。 \r 张 嘉 佳 的 精 装 本 哦 ， 很 不 错 的 书 呢 。 快 来 看 看 吧 。'), ('3978','579','4716 2563 2136 3306 3331   4255 4740 0312 4273 1703 2070 2136 2660 2635 0327 2158 2294 0312 3120 5366 2486 4273 2488 5552 2826 2660 2264 2536 3288 2645 2988 1829 0103','习 惯 的 力 量   首 先 ， 书 保 存 的 很 好 ； 第 二 ， 看 这 个 书 给 自 己 很 多 鼓 励 和 进 步 。'), ('3979','580','2554 2114 4848 4610 4907 4011 1865   3120 2136 2660 4260 2005 2215 0312 4506 2635 3120 2136 0103 2722 5113 4273 5149 2526 3482 0103','怪 诞 行 为 学 全 册   看 的 很 受 触 动 ， 挺 好 看 的 。 欢 迎 书 友 购 买 。'), ('3964','561','3254 2337 4801 5084 4776   1742 2839 1730 5084 4776   2083 4336 1747 5021 3343 0312 5366 4809 2211 4687 2088 1827 5563 0103 2083 2294 3482 2136 0312 5027 5417 5135 5537 3527 4642 4466 0103 5084 5442 2725 4239 3141 5052 2135 0103 2252 5158 -2037 4331 3220 ','乐 放 小 音 响   笔 记 本 音 响   大 四 毕 业 了 ， 这 些 东 西 带 不 走 。 大 二 买 的 ， 一 直 用 着 没 问 题 。 音 质 还 是 可 以 得 。 对 于 屌 丝 来 说 ， 这 些 完 全 够 用 。'), ('3965','562','8740 5569 m x ( m 3 0 1 )   4860 3508 2790   2321 1907 2727 2593 2171 1956 0312 1719 1831 4133 2566 2138 2006 5148 4801 3349 2659 0312 1941 4111 2725 4239 1827 2077 2136 0312 5148 5066 5363 2859 2481 3141 5052 5258 4144 3331 0103','魅 族 m x ( m 3 0 1 )   熊 猫 机   返 厂 换 过 电 池 ， 背 部 闪 光 灯 处 有 小 裂 痕 ， 成 色 还 是 不 错 的 ， 有 意 者 价 格 可 以 在 商 量 。'), ('3966','563','d e l l 2171 3652   i n s p i r o n 4721 3348   i 3 2006 3277 3887   2087 2291 i n s p i r o n 4721 3348 0312 2676 4111 0312 i 3 2006 3277 3887 0312 8 1941 4834','d e l l 电 脑   i n s p i r o n 系 列   i 3 处 理 器   戴 尔 i n s p i r o n 系 列 ， 红 色 ， i 3 处 理 器 ， 8 成 新'), ('3967','564','8740 5569   m x 2     1 3 3674 3037 5234 2361 3482 2136 0103 1703 2704 2136 2660 2635 0103 1643 1941 4834 4239 5148 2136 0103 2070 2635 3914 3482 1780 2136 4254 2790 3343 0103 2859 3914 3141 5052 5257 4144 3331 0103','魅 族   m x 2     1 3 年 九 月 份 买 的 。 保 护 的 很 好 。 八 成 新 是 有 的 。 存 好 钱 买 别 的 手 机 了 。 价 钱 可 以 再 商 量 。'), ('3968','567','1968 2171 4040 1706 1706   1968 2171 4040 1706 1706 0312 4005 3674 3482 2136 0312 2453 2635 5027 3674 0312 2725 4239 1643 1941 4834 2136 0312 3141 1614 5154 4221 5135 0312 3176 3220 2088 2756 4005 1641 0103','充 电 热 宝 宝   充 电 热 宝 宝 ， 去 年 买 的 ， 刚 好 一 年 ， 还 是 八 成 新 的 ， 可 爱 又 实 用 ， 快 来 带 回 去 吧 。'), ('3969','568','1968 2171 4040 1706 1706   1968 2171 4040 1706 1706 0312 4005 3674 3482 2136 0312 2453 2635 5027 3674 0312 2088 5537 2660 3715 2136 0312 2725 4239 1643 1941 4834 3656 0103 3141 1614 5154 4221 5135 2136 0312 3176 3220 2088 2756 4005 1641 ~','充 电 热 宝 宝   充 电 热 宝 宝 ， 去 年 买 的 ， 刚 好 一 年 ， 带 着 很 暖 的 ， 还 是 八 成 新 呢 。 可 爱 又 实 用 的 ， 快 来 带 回 去 吧 ~');
INSERT INTO `goods_service` VALUES ('1','送货上门','这是一直很牛逼服务','1','0','-1'), ('2','商品置顶','你的商品将会出现在首页热门中哦，是不是很激动呢！','1','888','10');
INSERT INTO `logs` VALUES ('1','测试','116','cinwell','1416474758','58.16.63.162','user'), ('2','登录成功','113','zero','1416543880','58.16.63.162','user'), ('3','登录成功','116','cinwell','1416553675','58.16.63.162','user'), ('4','登录成功','113','zero','1416564523','58.16.63.162','user'), ('5','登录成功','113','zero','1416565189','58.16.63.162','user'), ('6','发布商品 ID551','113','zero','1416565231','58.16.63.162','goods'), ('7','发布商品 ID552','119','NENER','1416565273','58.16.63.162','goods'), ('8','0.01','116','cinwell','1416567312','58.16.63.162','pay'), ('9','登录成功','116','cinwell','1416567376','58.16.63.162','user'), ('10','管理员登录成功','116','cinwell','1416567376','58.16.63.162','user'), ('11','登录成功','113','zero','1416567842','58.16.63.162','user'), ('12','登录成功','123','l5469369163com','1416567882','58.16.63.162','user'), ('13','0.01','119','NENER','1416567929','58.16.63.162','pay'), ('14','登录成功','123','l5469369163com','1416568641','58.16.63.162','user'), ('15','10.00','123','l5469369163com','1416568695','58.16.63.162','pay'), ('16','下单成功 ID552','116','cinwell','1416569336','58.16.63.162','order'), ('17','购买成功 ID','116','cinwell','1416569340','58.16.63.162','order'), ('18','登录成功','113','zero','1416571447','58.16.63.162','user'), ('19','激活成功','155','','1416571785','59.172.54.124','user'), ('20','下单成功 ID551','155','','1416572077','59.172.54.124','order'), ('21','购买成功 ID','155','','1416572152','59.172.54.124','order'), ('22','登录成功','113','zero','1416572184','58.16.63.162','user'), ('23','管理员登录成功','113','zero','1416572184','58.16.63.162','user'), ('24','登录成功','155','shuishiwo1992@163.com','1416573359','59.172.54.124','user'), ('25','发布商品 ID554','155','shuishiwo1992@163.com','1416574053','59.172.54.124','goods'), ('26','下单成功 ID554','113','zero','1416574167','58.16.63.162','order'), ('27','购买成功 ID','113','zero','1416574176','58.16.63.162','order'), ('28','发布商品 ID555','155','shuishiwo1992@163.com','1416574905','59.172.54.124','goods'), ('29','登录成功','116','cinwell','1416622244','58.16.63.162','user'), ('30','管理员登录成功','116','cinwell','1416622244','58.16.63.162','user'), ('31','登录成功','113','zero','1416623955','58.16.63.162','user'), ('32','管理员登录成功','113','zero','1416623955','58.16.63.162','user'), ('33','登录成功','119','NENER','1416632709','58.16.63.162','user'), ('34','登录成功','155','MrOne','1416643347','117.151.100.202','user'), ('35','登录成功','119','NENER','1416644806','58.16.63.162','user'), ('36','登录成功','119','NENER','1416644967','58.16.63.162','user'), ('37','下单成功 ID555','119','NENER','1416645130','58.16.63.162','order'), ('38','购买成功 ID','119','NENER','1416645141','58.16.63.162','order'), ('39','登录成功','116','cinwell','1416646552','58.16.63.162','user'), ('40','管理员登录成功','116','cinwell','1416646552','58.16.63.162','user'), ('41','登录成功','152','Yo_Yo','1416646732','58.16.63.162','user'), ('42','登录成功','113','zero','1416646846','58.16.63.162','user'), ('43','发布商品 ID557','119','NENER','1416646887','58.16.63.162','goods'), ('44','发布商品 ID558','119','NENER','1416647623','58.16.63.162','goods'), ('45','下单成功 ID557','119','NENER','1416647632','58.16.63.162','order'), ('46','购买成功 ID','119','NENER','1416647640','58.16.63.162','order'), ('47','下单成功 ID558','119','NENER','1416647650','58.16.63.162','order'), ('48','购买成功 ID','119','NENER','1416647665','58.16.63.162','order'), ('49','登录成功','116','cinwell','1416655659','58.16.63.162','user'), ('50','管理员登录成功','116','cinwell','1416655659','58.16.63.162','user'), ('51','登录成功','119','NENER','1416660289','58.16.63.162','user'), ('52','管理员登录成功','119','NENER','1416660289','58.16.63.162','user'), ('53','激活成功','157','','1416664480','111.161.127.71','user'), ('54','登录成功','157','jimgreenleaf@qq.com','1416664599','111.161.127.71','user'), ('55','登录成功','113','zero','1416707658','58.16.63.162','user'), ('56','登录成功','152','Yo_Yo','1416707683','58.16.63.162','user'), ('57','登录成功','116','cinwell','1416709427','58.16.63.162','user'), ('58','管理员登录成功','116','cinwell','1416709427','58.16.63.162','user'), ('59','登录成功','113','zero','1416713199','58.16.63.162','user'), ('60','登录成功','113','zero','1416713274','58.16.63.162','user'), ('61','管理员登录成功','113','zero','1416713274','58.16.63.162','user'), ('62','登录成功','123','Christina','1416725212','58.16.63.162','user'), ('63','登录成功','116','cinwell','1416733281','58.16.63.162','user'), ('64','管理员登录成功','116','cinwell','1416733281','58.16.63.162','user'), ('65','登录成功','152','Yo_Yo','1416795250','58.16.63.162','user'), ('66','登录成功','113','zero','1416797148','58.16.63.162','user'), ('67','登录成功','113','zero','1416799458','58.16.63.162','user'), ('68','登录成功','116','cinwell','1416799509','58.16.63.162','user'), ('69','管理员登录成功','116','cinwell','1416799509','58.16.63.162','user'), ('70','登录成功','116','cinwell','1416836793','58.16.63.162','user'), ('71','管理员登录成功','116','cinwell','1416836793','58.16.63.162','user'), ('72','登录成功','116','cinwell','1416837200','58.16.63.162','user'), ('73','发布商品 ID559','116','cinwell','1416837345','58.16.63.162','goods'), ('74','登录成功','116','cinwell','1416837499','220.197.208.27','user'), ('75','登录成功','125','Aileen','1416880433','58.16.63.162','user'), ('76','登录成功','125','Aileen','1416883377','58.16.63.162','user'), ('77','登录成功','113','zero','1416908821','58.16.63.162','user'), ('78','登录成功','152','Yo_Yo','1416908925','58.16.63.162','user'), ('79','登录成功','113','zero','1416908962','58.16.63.162','user'), ('80','登录成功','113','zero','1416909494','58.16.63.162','user'), ('81','管理员登录成功','113','zero','1416909494','58.16.63.162','user'), ('82','登录成功','113','zero','1416918611','58.16.63.162','user'), ('83','登录成功','113','zero','1416964890','58.16.63.162','user'), ('84','登录成功','152','Yo_Yo','1416964929','58.16.63.162','user'), ('85','登录成功','113','zero','1416964952','58.16.63.162','user'), ('86','登录成功','113','zero','1416965074','58.16.63.162','user'), ('87','管理员登录成功','113','zero','1416965074','58.16.63.162','user'), ('88','登录成功','116','cinwell','1416967429','58.16.63.162','user'), ('89','管理员登录成功','116','cinwell','1416967429','58.16.63.162','user'), ('90','激活成功','162','','1416967692','106.32.45.11','user'), ('91','登录成功','116','cinwell','1416973107','58.16.63.162','user'), ('92','登录成功','116','cinwell','1416992341','58.16.63.162','user'), ('93','管理员登录成功','116','cinwell','1416992341','58.16.63.162','user'), ('94','激活成功','163','','1417009352','58.16.63.158','user'), ('95','登录成功','119','NENER','1417018213','182.131.10.29','user'), ('96','登录成功','155','MrOne','1417049900','113.57.176.171','user'), ('97','登录成功','152','Yo_Yo','1417052628','58.16.63.162','user'), ('98','登录成功','113','zero','1417052677','58.16.63.162','user'), ('99','登录成功','113','zero','1417052700','58.16.63.162','user'), ('100','登录成功','113','zero','1417052715','58.16.63.162','user');
INSERT INTO `logs` VALUES ('101','管理员登录成功','113','zero','1417052715','58.16.63.162','user'), ('102','登录成功','163','1013729330atqq_com','1417075228','58.16.63.162','user'), ('103','登录成功','163','stream','1417092379','58.16.63.158','user'), ('104','登录成功','152','Yo_Yo','1417143348','58.16.63.162','user'), ('105','登录成功','113','zero','1417143591','58.16.63.162','user'), ('106','登录成功','119','NENER','1417160029','58.16.63.162','user'), ('107','登录成功','113','zero','1417227318','58.16.63.162','user'), ('108','登录成功','152','Yo_Yo','1417227367','58.16.63.162','user'), ('109','登录成功','113','zero','1417227430','58.16.63.162','user'), ('110','登录成功','152','Yo_Yo','1417227533','58.16.63.162','user'), ('111','登录成功','113','zero','1417228502','58.16.63.162','user'), ('112','登录成功','119','NENER','1417231495','0.0.0.0','user'), ('113','登录成功','119','NENER','1417248790','58.16.63.162','user'), ('114','管理员登录成功','119','NENER','1417248790','58.16.63.162','user'), ('115','登录成功','116','cinwell','1417255239','58.16.63.162','user'), ('116','管理员登录成功','116','cinwell','1417255239','58.16.63.162','user'), ('117','登录成功','116','cinwell','1417255319','58.16.63.162','user'), ('118','管理员登录成功','116','cinwell','1417255319','58.16.63.162','user'), ('119','登录成功','119','NENER','1417315950','58.16.63.162','user'), ('120','管理员登录成功','119','NENER','1417315950','58.16.63.162','user'), ('121','登录成功','116','cinwell','1417316736','58.16.63.162','user'), ('122','管理员登录成功','116','cinwell','1417316736','58.16.63.162','user'), ('123','登录成功','113','zero','1417318494','58.16.63.162','user'), ('124','登录成功','125','Aileen','1417318567','58.16.63.162','user'), ('125','登录成功','152','Yo_Yo','1417318730','58.16.63.162','user'), ('126','登录成功','116','cinwell','1417318801','58.16.63.162','user'), ('127','管理员登录成功','116','cinwell','1417318801','58.16.63.162','user'), ('128','登录成功','113','zero','1417318999','58.16.63.162','user'), ('129','登录成功','119','NENER','1417323176','0.0.0.0','user'), ('130','管理员登录成功','119','NENER','1417323176','0.0.0.0','user'), ('131','登录成功','124','954481021qqcom','1417335064','58.16.63.162','user'), ('132','登录成功','113','zero','1417340334','58.16.63.162','user'), ('133','登录成功','113','zero','1417341537','58.16.63.162','user'), ('134','购买成功 ID547','113','zero','1417341749','58.16.63.162','order'), ('135','登录成功','152','Yo_Yo','1417341784','58.16.63.162','user'), ('136','登录成功','113','zero','1417341886','58.16.63.162','user'), ('137','登录成功','152','Yo_Yo','1417341970','58.16.63.162','user'), ('138','登录成功','113','zero','1417342059','58.16.63.162','user'), ('139','登录成功','152','Yo_Yo','1417344344','58.16.63.162','user'), ('140','登录成功','152','Yo_Yo','1417344488','58.16.63.162','user'), ('141','代金券充值：0.1','116','cinwell','1417344540','58.16.63.162','pay'), ('142','登录成功','113','zero','1417350537','58.16.63.162','user'), ('143','购买成功 ID488','113','zero','1417350567','58.16.63.162','order'), ('144','购买成功 ID425','119','NENER','1417352001','58.16.63.162','order'), ('145','购买成功 ID527','113','zero','1417353252','58.16.63.162','order'), ('146','购买成功 ID488','113','zero','1417353382','58.16.63.162','order'), ('147','购买成功 ID551','119','NENER','1417353506','58.16.63.162','order'), ('148','购买成功 ID548','119','NENER','1417354047','58.16.63.162','order'), ('149','登录成功','113','zero','1417354286','58.16.63.162','user'), ('150','购买成功 ID545','119','NENER','1417355799','58.16.63.162','order'), ('151','购买成功 ID550','119','NENER','1417355961','58.16.63.162','order'), ('152','登录成功','113','zero','1417356121','58.16.63.162','user'), ('153','登录成功','119','NENER','1417356208','58.16.63.162','user'), ('154','登录成功','125','Aileen','1417358406','58.16.63.162','user'), ('155','登录成功','119','NENER','1417361204','58.16.63.162','user'), ('156','登录成功','113','zero','1417399849','58.16.63.162','user'), ('157','管理员登录成功','113','zero','1417399849','58.16.63.162','user'), ('158','登录成功','119','NENER','1417399870','58.16.63.162','user'), ('159','登录成功','116','cinwell','1417399880','58.16.63.162','user'), ('160','登录成功','152','Yo_Yo','1417399901','58.16.63.162','user'), ('161','登录成功','125','Aileen','1417400124','58.16.63.162','user'), ('162','登录成功','113','zero','1417400171','58.16.63.162','user'), ('163','登录成功','152','Yo_Yo','1417400382','58.16.63.162','user'), ('164','登录成功','125','Aileen','1417400544','58.16.63.162','user'), ('165','登录成功','113','zero','1417400995','58.16.63.162','user'), ('166','购买成功 ID547','113','zero','1417401029','58.16.63.162','order'), ('167','登录成功','119','NENER','1417401767','58.16.63.162','user'), ('168','管理员登录成功','119','NENER','1417401767','58.16.63.162','user'), ('169','登录成功','164','qxndlgat163_com','1417401864','58.16.63.162','user'), ('170','购买成功 ID524','119','NENER','1417402080','58.16.63.162','order'), ('171','登录成功','113','zero','1417402113','58.16.63.162','user'), ('172','登录成功','150','827234794qqcom','1417402219','58.16.63.162','user'), ('173','登录成功','152','Yo_Yo','1417402248','58.16.63.162','user'), ('174','登录成功','164','QXNDLG','1417403139','58.16.63.162','user'), ('175','登录成功','164','QXNDLG','1417403636','58.16.63.162','user'), ('176','代金券充值：0.1','164','QXNDLG','1417403717','58.16.63.162','pay'), ('177','登录成功','119','NENER','1417404066','58.16.63.162','user'), ('178','管理员登录成功','119','NENER','1417404066','58.16.63.162','user'), ('179','购买成功 ID440','152','Yo_Yo','1417404672','58.16.63.162','order'), ('180','购买成功 ID441','152','Yo_Yo','1417404701','58.16.63.162','order'), ('181','登录成功','164','QXNDLG','1417404943','58.16.63.162','user'), ('182','购买成功 ID525','152','Yo_Yo','1417407743','58.16.63.162','order'), ('183','购买成功 ID526','113','zero','1417407957','58.16.63.162','order'), ('184','登录成功','119','NENER','1417409988','58.16.63.162','user'), ('185','管理员登录成功','119','NENER','1417409988','58.16.63.162','user'), ('186','登录成功','119','NENER','1417410792','58.16.63.162','user'), ('187','管理员登录成功','119','NENER','1417410792','58.16.63.162','user'), ('188','登录成功','123','Christina','1417411071','58.16.63.162','user'), ('189','登录成功','123','Christina','1417411475','58.16.63.162','user'), ('190','登录成功','119','NENER','1417411481','58.16.63.162','user'), ('191','代金券充值：0.1','123','Christina','1417411513','58.16.63.162','pay'), ('192','代金券充值：0.1','149','','1417413606','58.16.63.162','pay'), ('193','登录成功','119','NENER','1417413825','58.16.63.162','user'), ('194','激活成功','165','QXNDLG','1417414050','58.16.63.162','user'), ('195','代金券充值：0.1','165','QXNDLG','1417414129','58.16.63.162','pay'), ('196','发布商品 ID560','165','QXNDLG','1417414801','58.16.63.162','goods'), ('197','登录成功','165','DongZ','1417415187','58.16.63.162','user'), ('198','登录成功','164','QXNDLG','1417415296','58.16.63.162','user'), ('199','登录成功','165','DongZ','1417415346','58.16.63.162','user'), ('200','登录成功','165','DongZ','1417415397','58.16.63.162','user');
INSERT INTO `logs` VALUES ('201','登录成功','165','DongZ','1417416777','58.16.63.162','user'), ('202','登录成功','119','NENER','1417424712','58.16.63.162','user'), ('203','管理员登录成功','119','NENER','1417424712','58.16.63.162','user'), ('204','登录成功','119','NENER','1417429769','58.16.63.162','user'), ('205','管理员登录成功','119','NENER','1417429769','58.16.63.162','user'), ('206','代金券充值：0.1','119','NENER','1417429856','58.16.63.162','pay'), ('207','登录成功','113','zero','1417485306','58.16.63.162','user'), ('208','登录成功','152','Yo_Yo','1417485361','58.16.63.162','user'), ('209','购买成功 ID549','113','zero','1417485434','58.16.63.162','order'), ('210','购买成功 ID443','152','Yo_Yo','1417485525','58.16.63.162','order'), ('211','购买成功 ID430','152','Yo_Yo','1417485626','58.16.63.162','order'), ('212','购买成功 ID425','152','Yo_Yo','1417485708','58.16.63.162','order'), ('213','购买成功 ID511','152','Yo_Yo','1417485866','58.16.63.162','order'), ('214','购买成功 ID429','152','Yo_Yo','1417485887','58.16.63.162','order'), ('215','购买成功 ID426','152','Yo_Yo','1417485909','58.16.63.162','order'), ('216','购买成功 ID423','152','Yo_Yo','1417485931','58.16.63.162','order'), ('217','购买成功 ID419','152','Yo_Yo','1417486111','58.16.63.162','order'), ('218','购买成功 ID434','113','zero','1417486619','58.16.63.162','order'), ('219','购买成功 ID442','113','zero','1417486635','58.16.63.162','order'), ('220','购买成功 ID439','113','zero','1417486653','58.16.63.162','order'), ('221','购买成功 ID438','113','zero','1417486670','58.16.63.162','order'), ('222','购买成功 ID436','113','zero','1417486686','58.16.63.162','order'), ('223','登录成功','150','安静的孩纸','1417486743','58.16.63.162','user'), ('224','购买成功 ID427','119','NENER','1417486947','58.16.63.162','order'), ('225','购买成功 ID435','119','NENER','1417486964','58.16.63.162','order'), ('226','购买成功 ID417','119','NENER','1417487006','58.16.63.162','order'), ('227','购买成功 ID415','119','NENER','1417487022','58.16.63.162','order'), ('228','购买成功 ID416','119','NENER','1417487036','58.16.63.162','order'), ('229','购买成功 ID559','119','NENER','1417487113','58.16.63.162','order'), ('230','发布商品 ID561','113','zero','1417487755','58.16.63.162','goods'), ('231','发布商品 ID562','119','NENER','1417488730','58.16.63.162','goods'), ('232','登录成功','119','NENER','1417489444','58.16.63.162','user'), ('233','管理员登录成功','119','NENER','1417489444','58.16.63.162','user'), ('234','发布商品 ID563','125','Aileen','1417490374','58.16.63.162','goods'), ('235','发布商品 ID564','113','zero','1417490464','58.16.63.162','goods'), ('236','代金券充值：0.1','155','shuishiwo1992@163.com','1417491078','219.139.201.159','pay'), ('237','登录成功','119','NENER','1417491123','58.16.63.162','user'), ('238','管理员登录成功','119','NENER','1417491123','58.16.63.162','user'), ('239','发布商品 ID567','125','Aileen','1417491500','58.16.63.162','goods'), ('240','发布商品 ID568','125','Aileen','1417491649','58.16.63.162','goods'), ('241','登录成功','151','2847323205qqcom','1417509010','58.16.63.162','user'), ('242','登录成功','119','NENER','1417526259','58.16.63.162','user'), ('243','管理员登录成功','119','NENER','1417526259','58.16.63.162','user'), ('244','登录成功','113','zero','1417529319','58.16.63.162','user'), ('245','登录成功','116','cinwell','1417568955','58.16.63.162','user'), ('246','管理员登录成功','116','cinwell','1417568955','58.16.63.162','user'), ('247','激活成功','168','NENER','1417570857','58.16.63.162','user'), ('248','登录成功','168','zhoumeng1107at163_com','1417571316','58.16.63.162','user'), ('249','登录成功','152','Yo_Yo','1417572565','58.16.63.162','user'), ('250','登录成功','119','NENER','1417574861','58.16.63.162','user'), ('251','管理员登录成功','119','NENER','1417574861','58.16.63.162','user'), ('252','激活成功','169','shuishiwo1992@163.com','1417577796','111.172.91.101','user'), ('253','登录成功','155','MrOne','1417577851','111.172.91.101','user'), ('254','登录成功','119','NENER','1417603066','58.16.63.162','user'), ('255','管理员登录成功','119','NENER','1417603066','58.16.63.162','user'), ('256','激活成功','170','','1417604448','120.6.98.57','user'), ('257','代金券充值：0.1','170','','1417605495','120.6.98.57','pay'), ('258','登录成功','116','cinwell','1417606266','58.16.63.162','user'), ('259','管理员登录成功','116','cinwell','1417606266','58.16.63.162','user'), ('260','发布商品 ID569','119','NENER','1417608171','58.16.63.162','goods'), ('261','1.00','170','','1417610106','120.6.98.57','pay'), ('262','发布商品 ID570','170','','1417610114','120.6.98.57','goods'), ('263','登录成功','170','Canon','1417610354','120.6.98.57','user'), ('264','登录成功','119','NENER','1417611532','58.16.63.162','user'), ('265','管理员登录成功','119','NENER','1417611532','58.16.63.162','user'), ('266','登录成功','113','zero','1417611753','58.16.63.162','user'), ('267','登录成功','152','Yo_Yo','1417611795','58.16.63.162','user'), ('268','登录成功','113','zero','1417612120','58.16.63.162','user'), ('269','代金券充值：0.1','119','NENER','1417612141','58.16.63.162','pay'), ('270','代金券充值：0.1','120','','1417612178','58.16.63.162','pay'), ('271','激活成功','171','','1417612561','59.77.42.173','user'), ('272','代金券充值：0.1','116','cinwell','1417612803','58.16.63.162','pay'), ('273','代金券充值：0.1','125','Aileen','1417613080','58.16.63.162','pay'), ('274','登录成功','113','zero','1417615628','58.16.63.162','user'), ('275','登录成功','152','Yo_Yo','1417615659','58.16.63.162','user'), ('276','发布商品 ID572','150','','1417615727','58.16.63.162','goods'), ('277','发布商品 ID573','150','','1417615946','58.16.63.162','goods'), ('278','发布商品 ID574','150','','1417616201','58.16.63.162','goods'), ('279','登录成功','172','371990341atqq_com','1417617924','58.16.63.162','user'), ('280','登录成功','173','1067326472atqq_com','1417618392','58.16.63.162','user'), ('281','登录成功','119','NENER','1417618459','58.16.63.162','user'), ('282','发布商品 ID575','119','NENER','1417618670','58.16.63.162','goods'), ('283','登录成功','173','Tenchol','1417618927','58.16.63.162','user'), ('284','登录成功','172','371990341atqq_com','1417618931','58.16.63.162','user'), ('285','登录成功','174','645560511atqq_com','1417619092','58.16.63.162','user'), ('286','发布商品 ID576','172','371990341atqq_com','1417619098','58.16.63.162','goods'), ('287','登录成功','176','645560512atqq_com','1417619341','58.16.63.162','user'), ('288','登录成功','175','550938582atqq_com','1417619501','58.16.63.162','user'), ('289','登录成功','177','1013388210atqq_com','1417619532','58.16.63.162','user'), ('290','登录成功','178','645560513atqq_com','1417619556','58.16.63.162','user'), ('291','登录成功','180','393589283atqq_com','1417619772','58.16.63.162','user'), ('292','登录成功','181','645560514atqq_com','1417619782','58.16.63.162','user'), ('293','登录成功','179','894436753atqq_com','1417619806','58.16.63.158','user'), ('294','登录成功','119','NENER','1417619836','58.16.63.162','user'), ('295','管理员登录成功','119','NENER','1417619836','58.16.63.162','user'), ('296','登录成功','182','645560515atqq_com','1417619900','58.16.63.162','user'), ('297','激活成功','184','','1417619928','58.16.63.162','user'), ('298','登录成功','182','645560515atqq_com','1417619933','58.16.63.162','user'), ('299','登录成功','183','985094610atqq_com','1417619954','58.16.63.162','user'), ('300','登录成功','184','2870608537atqq_com','1417619954','58.16.63.162','user');
INSERT INTO `logs` VALUES ('301','登录成功','182','645560515atqq_com','1417619986','58.16.63.162','user'), ('302','登录成功','179','894436753atqq_com','1417620020','58.16.63.158','user'), ('303','登录成功','185','1013555132atqq_com','1417620033','58.16.63.162','user'), ('304','登录成功','182','645560515atqq_com','1417620093','58.16.63.162','user'), ('305','激活成功','189','645560515atqq_com','1417620206','58.16.63.162','user'), ('306','激活成功','188','','1417620209','58.16.63.162','user'), ('307','代金券充值：0.1','187','','1417620263','58.16.63.162','pay'), ('308','登录成功','190','1920825475atqq_com','1417620342','58.16.63.162','user'), ('309','登录成功','193','634312614atqq_com','1417620931','58.16.63.158','user'), ('310','登录成功','194','1015536662atqq_com','1417621731','58.16.63.162','user'), ('311','登录成功','195','827048368atqq_com','1417621929','27.149.214.161','user'), ('312','登录成功','195','827048368atqq_com','1417622086','27.149.214.161','user'), ('313','登录成功','196','845561509atqq_com','1417622603','58.16.63.162','user'), ('314','登录成功','198','793545314atqq_com','1417623168','58.16.63.162','user'), ('315','登录成功','119','NENER','1417655633','58.16.63.162','user'), ('316','管理员登录成功','119','NENER','1417655633','58.16.63.162','user'), ('317','登录成功','113','zero','1417656241','58.16.63.162','user'), ('318','登录成功','113','zero','1417656455','58.16.63.162','user'), ('319','管理员登录成功','113','zero','1417656455','58.16.63.162','user'), ('320','登录成功','152','Yo_Yo','1417659760','58.16.63.162','user'), ('321','激活成功','199','','1417661480','58.16.63.162','user'), ('322','登录成功','179','894436753atqq_com','1417661769','58.16.63.158','user'), ('323','发布商品 ID578','125','Aileen','1417662420','58.16.63.162','goods'), ('324','激活成功','201','Aileen','1417662483','58.16.63.162','user'), ('325','登录成功','200','luowenqiang1969atqq_com','1417662552','58.16.228.101','user'), ('326','代金券充值：0.1','201','Aileen','1417664210','58.16.63.162','pay'), ('327','发布商品 ID579','152','Yo_Yo','1417664308','58.16.63.162','goods'), ('328','激活成功','203','','1417665390','218.201.200.48','user'), ('329','激活成功','204','','1417665425','58.16.63.162','user'), ('330','登录成功','196','天道酬勤','1417665520','58.16.63.162','user'), ('331','代金券充值：0.1','204','','1417665681','58.16.63.162','pay'), ('332','登录成功','177','1013388210atqq_com','1417666242','58.16.63.162','user'), ('333','激活成功','177','1013388210atqq_com','1417666687','58.16.63.162','user'), ('334','登录成功','205','2219834668atqq_com','1417666741','58.16.63.162','user'), ('335','登录成功','119','NENER','1417666765','58.16.63.162','user'), ('336','管理员登录成功','119','NENER','1417666765','58.16.63.162','user'), ('337','登录成功','152','Yo_Yo','1417667110','58.16.63.162','user'), ('338','发布商品 ID580','152','Yo_Yo','1417667297','58.16.63.162','goods'), ('339','登录成功','206','1811450009atqq_com','1417667447','58.16.63.162','user'), ('340','激活成功','207','','1417668623','58.16.63.158','user'), ('341','登录成功','170','Canon','1417670442','120.6.98.57','user'), ('342','激活成功','208','','1417670678','58.16.63.162','user'), ('343','登录成功','119','NENER','1417671083','58.16.63.162','user'), ('344','登录成功','119','NENER','1417671095','58.16.63.162','user'), ('345','管理员登录成功','119','NENER','1417671095','58.16.63.162','user'), ('346','登录成功','209','1349092251atqq_com','1417673589','223.104.24.7','user'), ('347','激活成功','210','','1417673627','58.16.63.162','user'), ('348','登录成功','151','忧郁哥','1417674300','58.16.63.162','user'), ('349','激活成功','211','','1417675320','58.16.63.158','user'), ('350','激活成功','212','','1417675656','58.16.18.182','user'), ('351','激活成功','213','','1417675721','58.16.63.158','user'), ('352','登录成功','213','2990632655atqq_com','1417675785','58.16.63.158','user'), ('353','激活成功','215','2990632655atqq_com','1417676337','58.16.63.158','user'), ('354','登录成功','216','1437109992atqq_com','1417676720','58.16.63.162','user'), ('355','激活成功','217','','1417676918','58.16.63.162','user'), ('356','登录成功','218','1054048323atqq_com','1417676952','58.16.63.158','user'), ('357','登录成功','217','3154386721atqq_com','1417676978','58.16.63.162','user'), ('358','激活成功','220','','1417677055','58.16.63.162','user'), ('359','激活成功','222','','1417677355','58.16.63.162','user'), ('360','登录成功','221','1181887371atqq_com','1417677388','58.16.63.158','user'), ('361','激活成功','225','','1417677856','58.16.63.162','user'), ('362','登录成功','224','1019930164atqq_com','1417677904','58.16.63.158','user'), ('363','登录成功','223','2369006601atqq_com','1417677919','58.16.63.162','user'), ('364','激活成功','226','','1417678142','58.16.228.108','user'), ('365','登录成功','113','zero','1417678326','58.16.63.162','user'), ('366','管理员登录成功','113','zero','1417678326','58.16.63.162','user'), ('367','激活成功','227','','1417678810','58.16.63.162','user'), ('368','登录成功','152','Yo_Yo','1417679089','58.16.63.162','user'), ('369','激活成功','229','','1417679139','222.171.41.121','user'), ('370','激活成功','231','','1417679259','218.86.250.173','user'), ('371','激活成功','228','','1417679317','58.16.63.162','user'), ('372','激活成功','232','','1417679812','122.190.249.136','user'), ('373','激活成功','233','','1417679903','220.197.208.211','user'), ('374','激活成功','234','','1417679904','218.4.170.234','user'), ('375','登录成功','233','2460220023atqq_com','1417679958','220.197.208.211','user'), ('376','激活成功','235','','1417680210','182.131.12.36','user'), ('377','激活成功','233','2460220023atqq_com','1417680559','220.197.208.211','user'), ('378','登录成功','236','1228134940atqq_com','1417680608','220.197.208.211','user'), ('379','登录成功','196','天道酬勤','1417681932','58.16.63.162','user'), ('380','登录成功','119','NENER','1417681968','58.16.63.162','user'), ('381','管理员登录成功','119','NENER','1417681968','58.16.63.162','user'), ('382','登录成功','124','954481021qqcom','1417682013','58.16.63.162','user'), ('383','登录成功','237','1115743568atqq_com','1417682170','58.16.63.162','user'), ('384','登录成功','238','www_sxz_1996atqq_com','1417683434','58.16.63.158','user'), ('385','激活成功','239','','1417683896','58.16.63.162','user'), ('386','登录成功','119','NENER','1417683937','58.16.63.162','user'), ('387','管理员登录成功','119','NENER','1417683937','58.16.63.162','user'), ('388','激活成功','240','','1417683988','58.16.63.162','user'), ('389','激活成功','242','','1417684157','58.16.63.162','user'), ('390','激活成功','243','','1417684278','58.16.63.162','user'), ('391','登录成功','116','cinwell','1417684649','58.16.228.3','user'), ('392','管理员登录成功','116','cinwell','1417684649','58.16.228.3','user'), ('393','登录成功','123','Christina','1417685051','58.16.63.162','user'), ('394','登录成功','242','947873095atqq_com','1417685249','58.16.63.162','user'), ('395','代金券充值：0.1','242','947873095atqq_com','1417685274','58.16.63.162','pay'), ('396','登录成功','239','lt9396at126_com','1417685370','58.16.63.162','user'), ('397','代金券充值：0.1','239','lt9396at126_com','1417685387','58.16.63.162','pay'), ('398','激活成功','244','','1417685493','120.36.249.129','user'), ('399','登录成功','113','zero','1417689717','58.16.63.162','user'), ('400','管理员登录成功','113','zero','1417689717','58.16.63.162','user');
INSERT INTO `logs` VALUES ('401','登录成功','152','Yo_Yo','1417690397','58.16.63.162','user'), ('402','登录成功','165','DongZ','1417691257','58.16.63.162','user'), ('403','激活成功','245','','1417692051','58.16.63.158','user'), ('404','激活成功','246','','1417692349','58.16.63.158','user'), ('405','激活成功','247','','1417695161','58.16.63.158','user'), ('406','激活成功','248','','1417695413','58.16.63.158','user'), ('407','激活成功','249','','1417695578','58.16.63.158','user'), ('408','激活成功','250','','1417695773','58.16.63.158','user'), ('409','激活成功','251','','1417696035','58.16.63.158','user'), ('410','激活成功','252','','1417696323','58.16.63.158','user'), ('411','激活成功','253','2990632655atqq_com','1417696489','58.16.63.158','user'), ('412','激活成功','254','','1417696593','58.16.63.158','user'), ('413','登录成功','256','1257380294atqq_com','1417696860','58.16.63.158','user'), ('414','登录成功','256','1257380294atqq_com','1417696917','58.16.63.158','user'), ('415','激活成功','256','1257380294atqq_com','1417696964','58.16.63.158','user'), ('416','登录成功','256','1257380294atqq_com','1417696995','58.16.63.158','user'), ('417','激活成功','257','','1417697148','58.16.63.158','user'), ('418','激活成功','258','','1417697157','58.16.63.158','user'), ('419','登录成功','119','NENER','1417697202','58.16.63.162','user'), ('420','管理员登录成功','119','NENER','1417697202','58.16.63.162','user'), ('421','激活成功','259','1257380294atqq_com','1417697294','58.16.63.158','user'), ('422','登录成功','165','DongZ','1417697313','58.16.63.162','user'), ('423','登录成功','255','1357364642atqq_com','1417697368','58.16.63.158','user'), ('424','激活成功','261','1257380294atqq_com','1417697571','58.16.63.158','user'), ('425','登录成功','260','13087835350atsina_com','1417697731','58.16.63.158','user'), ('426','登录成功','260','13087835350atsina_com','1417697836','58.16.63.158','user'), ('427','激活成功','262','1257380294atqq_com','1417697971','58.16.63.158','user'), ('428','激活成功','263','1257380294atqq_com','1417698146','58.16.63.158','user'), ('429','激活成功','264','1257380294atqq_com','1417698262','58.16.63.158','user'), ('430','激活成功','265','1257380294atqq_com','1417698417','58.16.63.158','user'), ('431','激活成功','266','13087835350atsina_com','1417698764','58.16.63.158','user'), ('432','激活成功','267','','1417699354','58.16.63.158','user'), ('433','登录成功','191','2683670363atqq_com','1417699719','58.16.63.162','user'), ('434','激活成功','270','','1417700123','58.16.63.162','user'), ('435','激活成功','271','','1417700253','58.16.63.162','user'), ('436','激活成功','272','','1417700380','58.16.63.162','user'), ('437','登录成功','113','zero','1417700516','58.16.63.162','user'), ('438','管理员登录成功','113','zero','1417700516','58.16.63.162','user'), ('439','登录成功','119','NENER','1417700937','58.16.63.162','user'), ('440','管理员登录成功','119','NENER','1417700937','58.16.63.162','user'), ('441','登录成功','113','zero','1417701266','58.16.63.162','user'), ('442','管理员登录成功','113','zero','1417701266','58.16.63.162','user'), ('443','登录成功','271','553632472atqq_com','1417701528','58.16.63.162','user'), ('444','注册成功','273','','1417701822','58.16.63.162','user'), ('445','激活成功','273','','1417701861','120.197.202.22','user'), ('446','登录成功','273','1330984942atqq_com','1417702047','58.16.63.162','user'), ('447','注册成功','274','1330984942atqq_com','1417702494','58.16.63.162','user'), ('448','激活成功','274','1330984942atqq_com','1417702715','58.16.63.162','user'), ('449','注册成功','275','','1417702888','58.16.63.162','user'), ('450','激活成功','275','','1417702890','112.64.235.254','user'), ('451','注册成功','276','1330984942atqq_com','1417703004','58.16.63.162','user'), ('452','激活成功','276','','1417703008','101.226.66.173','user'), ('453','登录成功','275','463009904atqq_com','1417703048','58.16.63.162','user'), ('454','登录成功','113','zero','1417703155','58.16.63.162','user'), ('455','登录成功','113','zero','1417703190','58.16.63.162','user'), ('456','登录成功','113','zero','1417703227','58.16.63.162','user'), ('457','管理员登录成功','113','zero','1417703227','58.16.63.162','user'), ('458','登录成功','276','1620242852atqq_com','1417703241','58.16.63.162','user'), ('459','注册成功','277','1620242852atqq_com','1417703838','58.16.63.162','user'), ('460','激活成功','277','','1417703841','180.153.161.217','user'), ('461','登录成功','277','1553071454atqq_com','1417703940','58.16.63.162','user'), ('462','注册成功','278','1553071454atqq_com','1417704160','58.16.63.162','user'), ('463','注册成功','279','1553071454atqq_com','1417704391','58.16.63.162','user'), ('464','激活成功','279','','1417704394','180.153.161.55','user'), ('465','登录成功','279','2073986377atqq_com','1417704472','58.16.63.162','user'), ('466','注册成功','280','','1417704945','58.16.63.162','user'), ('467','激活成功','280','','1417704977','58.16.63.162','user'), ('468','注册成功','281','','1417705274','183.60.183.119','user'), ('469','激活成功','281','','1417705275','101.226.33.240','user'), ('470','登录成功','203','719895483atqq_com','1417706664','58.16.63.158','user'), ('471','登录成功','200','luowenqiang1969atqq_com','1417708377','175.152.2.178','user'), ('472','注册成功','282','','1417713034','220.197.208.32','user'), ('473','激活成功','282','','1417713035','101.226.66.177','user'), ('474','登录成功','282','136886650atqq_com','1417713114','220.197.208.32','user'), ('475','登录成功','113','zero','1417738025','58.16.63.162','user'), ('476','登录成功','151','忧郁哥','1417742261','58.16.63.162','user'), ('477','登录成功','119','NENER','1417743676','58.16.63.162','user'), ('478','管理员登录成功','119','NENER','1417743676','58.16.63.162','user'), ('479','登录成功','244','1085074153atqq_com','1417744103','27.159.73.106','user'), ('480','登录成功','113','zero','1417745381','58.16.63.162','user'), ('481','登录成功','113','zero','1417745417','58.16.63.162','user'), ('482','登录成功','113','zero','1417745461','58.16.63.162','user'), ('483','管理员登录成功','113','zero','1417745461','58.16.63.162','user'), ('484','登录成功','152','Yo_Yo','1417745578','58.16.63.162','user'), ('485','注册成功','283','','1417745903','58.16.63.162','user'), ('486','激活成功','283','','1417745965','58.16.63.162','user'), ('487','注册成功','284','','1417746089','58.16.63.162','user'), ('488','激活成功','284','','1417746173','58.16.63.162','user'), ('489','注册成功','285','','1417746556','58.16.63.162','user'), ('490','注册成功','286','','1417746699','58.16.63.162','user'), ('491','激活成功','286','','1417747325','101.226.33.223','user'), ('492','注册成功','287','','1417747930','58.16.63.162','user'), ('493','发送激活邮件','287','','1417747984','58.16.63.162','user'), ('494','激活成功','287','NENER','1417748004','58.16.63.162','user'), ('495','登录成功','119','NENER','1417748300','58.16.63.162','user'), ('496','登录成功','113','zero','1417752169','58.16.63.162','user'), ('497','注册成功','288','','1417752530','58.16.63.162','user'), ('498','激活成功','288','','1417752533','180.153.201.66','user'), ('499','登录成功','288','','1417752636','58.16.63.162','user'), ('500','登录成功','288','1921853343atqq_com','1417752636','58.16.63.162','user');
INSERT INTO `logs` VALUES ('501','登录成功','119','NENER','1417755127','58.16.63.162','user'), ('502','注册成功','289','','1417755897','58.16.63.162','user'), ('503','激活成功','289','','1417755933','58.16.63.162','user'), ('504','注册成功','290','','1417757243','58.16.63.158','user'), ('505','激活成功','290','','1417757299','58.16.63.158','user'), ('506','注册成功','291','','1417757309','58.16.63.158','user'), ('507','激活成功','291','','1417757579','101.226.65.107','user'), ('508','登录成功','291','1048013024atqq_com','1417757924','58.16.63.158','user'), ('509','登录成功','202','','1417757930','58.16.63.162','user'), ('510','登录成功','165','DongZ','1417757930','58.16.63.162','user'), ('511','登录成功','113','zero','1417757932','58.16.63.162','user'), ('512','注册成功','292','','1417758230','58.16.63.158','user'), ('513','登录成功','150','安静的孩纸','1417758909','58.16.63.162','user'), ('514','发布商品 ID591','271','553632472atqq_com','1417759675','58.16.63.162','goods'), ('515','发布商品 ID601','271','553632472atqq_com','1417760274','58.16.63.162','goods'), ('516','发布商品 ID602','271','553632472atqq_com','1417760611','58.16.63.162','goods'), ('517','登录成功','113','zero','1417763142','58.16.63.162','user'), ('518','登录成功','123','Christina','1417766143','58.16.63.162','user'), ('519','登录成功','151','忧郁哥','1417767792','58.16.63.162','user'), ('520','登录成功','113','zero','1417769816','58.16.63.162','user'), ('521','注册成功','293','','1417786287','58.16.63.162','user'), ('522','激活成功','293','','1417786318','58.16.63.162','user'), ('523','注册成功','294','','1417788172','58.16.63.162','user'), ('524','激活成功','294','','1417788187','58.16.63.162','user'), ('525','登录成功','152','Yo_Yo','1417792083','58.16.63.162','user'), ('526','登录成功','152','Yo_Yo','1417833835','58.16.63.162','user'), ('527','登录成功','113','zero','1417837338','58.16.63.162','user'), ('528','注册成功','295','','1417840907','58.16.63.158','user'), ('529','注册成功','296','','1417840937','58.16.63.158','user'), ('530','激活成功','296','','1417840939','112.64.235.86','user'), ('531','激活成功','295','','1417840944','58.16.63.158','user'), ('532','注册成功','297','','1417841083','58.16.63.158','user'), ('533','登录成功','296','','1417841104','58.16.63.158','user'), ('534','登录成功','296','1697587854atqq_com','1417841104','58.16.63.158','user'), ('535','发送激活邮件','297','','1417841106','58.16.63.158','user'), ('536','登录成功','113','zero','1417845717','58.16.63.162','user'), ('537','登录成功','119','NENER','1417849468','1.204.153.167','user'), ('538','发布商品 ID607','203','719895483atqq_com','1417855908','58.16.63.158','goods'), ('539','登录成功','123','Christina','1417863170','58.16.63.162','user'), ('540','注册成功','298','','1417868041','58.16.63.158','user'), ('541','激活成功','298','','1417868064','58.16.63.158','user'), ('542','重置密码','163','','1417879809','58.16.63.158','user'), ('543','登录成功','124','954481021qqcom','1417948655','58.16.63.162','user'), ('544','登录成功','151','忧郁哥','1417948770','58.16.63.162','user'), ('545','注册成功','299','','1417951060','58.16.63.158','user'), ('546','激活成功','299','','1417951089','58.16.63.158','user'), ('547','登录成功','155','MrOne','1417954292','115.231.71.140','user'), ('548','注册成功','300','','1418007533','58.16.63.162','user'), ('549','激活成功','300','','1418007563','58.16.63.162','user'), ('550','登录成功','152','Yo_Yo','1418009024','58.16.63.162','user'), ('551','登录成功','113','zero','1418009077','58.16.63.162','user'), ('552','发布商品 ID608','300','','1418012832','58.16.63.162','goods'), ('553','注册成功','301','','1418019906','58.16.63.162','user'), ('554','激活成功','301','','1418019973','58.16.63.162','user'), ('555','注册成功','302','','1418020127','58.16.63.162','user'), ('556','激活成功','302','','1418020146','58.16.63.162','user'), ('557','注册成功','303','','1418020331','58.16.63.162','user'), ('558','注册成功','304','','1418020372','58.16.63.162','user'), ('559','激活成功','304','','1418020424','58.16.63.162','user'), ('560','登录成功','303','2681867091atqq_com','1418020517','58.16.63.162','user'), ('561','激活成功','303','2681867091atqq_com','1418020549','58.16.63.162','user'), ('562','注册成功','305','','1418020656','58.16.63.162','user'), ('563','注册成功','306','2681867091atqq_com','1418020660','58.16.63.162','user'), ('564','激活成功','305','','1418020710','58.16.63.162','user'), ('565','注册成功','307','2681867091atqq_com','1418020795','58.16.63.162','user'), ('566','激活成功','307','2681867091atqq_com','1418020825','58.16.63.162','user'), ('567','注册成功','308','','1418020900','58.16.63.162','user'), ('568','激活成功','308','','1418020904','180.153.201.66','user'), ('569','注册成功','309','2681867091atqq_com','1418020944','58.16.63.162','user'), ('570','激活成功','309','2681867091atqq_com','1418020972','58.16.63.162','user'), ('571','注册成功','310','2681867091atqq_com','1418021037','58.16.63.162','user'), ('572','激活成功','310','2681867091atqq_com','1418021061','58.16.63.162','user'), ('573','登录成功','308','','1418021092','58.16.63.162','user'), ('574','登录成功','308','1443925442atqq_com','1418021092','58.16.63.162','user'), ('575','登录成功','113','zero','1418028927','58.16.63.162','user'), ('576','注册成功','311','','1418031168','58.16.63.162','user'), ('577','激活成功','311','','1418031297','58.16.63.162','user'), ('578','注册成功','312','','1418031958','58.16.63.162','user'), ('579','激活成功','312','','1418032035','58.16.63.162','user'), ('580','注册成功','313','','1418032439','58.16.63.162','user'), ('581','激活成功','313','','1418032536','58.16.63.162','user'), ('582','注册成功','314','','1418032765','58.16.63.162','user'), ('583','激活成功','314','','1418032828','58.16.63.162','user'), ('584','登录成功','116','cinwell','1418034807','58.16.63.162','user'), ('585','登录成功','152','Yo_Yo','1418090696','58.16.63.162','user'), ('586','登录成功','113','zero','1418090759','58.16.63.162','user'), ('587','登录成功','119','NENER','1418106775','58.16.63.162','user'), ('588','注册成功','315','','1418134417','58.16.63.158','user'), ('589','激活成功','315','','1418134431','58.16.63.158','user'), ('590','登录成功','119','NENER','1418136352','58.16.63.162','user'), ('591','登录成功','152','Yo_Yo','1418182061','58.16.63.162','user'), ('592','登录成功','116','cinwell','1418184281','58.16.63.162','user'), ('593','登录成功','113','zero','1418186134','58.16.63.162','user'), ('594','登录成功','203','719895483atqq_com','1418195116','58.16.63.162','user'), ('595','登录成功','119','NENER','1418198832','58.16.63.162','user'), ('596','登录成功','299','404413936atqq_com','1418361271','58.16.63.158','user'), ('597','登录成功','152','Yo_Yo','1418382064','58.16.63.162','user'), ('598','登录成功','113','zero','1418382107','58.16.63.162','user'), ('599','登录成功','170','Canon','1418397176','60.7.100.214','user'), ('600','登录成功','300','398298004atqq_com','1418443312','58.16.63.162','user');
INSERT INTO `logs` VALUES ('601','登录成功','300','398298004atqq_com','1418475803','58.16.63.162','user'), ('602','发布商品 ID609','300','398298004atqq_com','1418476523','58.16.63.162','goods'), ('603','登录成功','151','忧郁哥','1418485663','58.16.63.162','user'), ('604','登录成功','152','Yo_Yo','1418527367','58.16.63.162','user'), ('605','登录成功','170','Canon','1418555104','120.6.97.127','user'), ('606','发布商品 ID610','170','Canon','1418555396','120.6.97.127','goods'), ('607','登录成功','151','忧郁哥','1418613292','58.16.63.162','user'), ('608','登录成功','300','398298004atqq_com','1418613779','58.16.63.162','user'), ('609','登录成功','300','398298004atqq_com','1418614682','58.16.63.162','user'), ('610','登录成功','119','NENER','1418619587','58.16.63.162','user'), ('611','登录成功','119','NENER','1418622127','58.16.63.162','user'), ('612','登录成功','119','NENER','1418627611','58.16.63.162','user'), ('613','登录成功','151','忧郁哥','1418708399','58.16.63.162','user'), ('614','注册成功','316','','1418727539','58.16.63.158','user'), ('615','激活成功','316','','1418727756','58.16.63.158','user'), ('616','发布商品 ID611','316','','1418728298','58.16.63.158','goods'), ('617','登录成功','119','NENER','1418731075','58.16.63.162','user'), ('618','登录成功','119','NENER','1418731155','58.16.63.162','user'), ('619','登录成功','300','398298004atqq_com','1418744962','58.16.63.162','user'), ('620','登录成功','113','zero','1418970900','58.16.63.162','user'), ('621','登录成功','170','Canon','1419062717','120.6.96.65','user'), ('622','登录成功','119','NENER','1419216405','58.16.63.162','user'), ('623','登录成功','119','NENER','1419216492','58.16.63.162','user'), ('624','登录成功','170','Canon','1419503183','120.6.96.176','user'), ('625','登录成功','119','NENER','1420011870','58.16.63.162','user'), ('626','登录成功','119','NENER','1420202943','58.16.63.162','user'), ('627','登录成功','244','1085074153atqq_com','1420341995','110.83.77.157','user'), ('628','登录成功','174','645560511atqq_com','1420438231','58.16.63.162','user'), ('629','登录成功','119','NENER','1420535340','58.16.63.162','user'), ('630','登录成功','119','NENER','1420595750','58.42.231.101','user'), ('631','登录成功','119','NENER','1420607497','58.42.231.101','user'), ('632','登录成功','123','Christina','1420640678','223.64.61.41','user'), ('633','登录成功','119','NENER','1420699515','58.42.231.101','user'), ('634','登录成功','113','zero','1421893281','183.11.132.146','user'), ('635','登录成功','113','zero','1421893495','183.11.132.146','user'), ('636','登录成功','116','cinwell','1422582724','124.74.67.250','user'), ('637','登录成功','116','cinwell','1422582747','124.74.67.250','user'), ('638','登录成功','119','NENER','1422838923','58.42.231.101','user'), ('639','登录成功','119','NENER','1422888853','1.204.203.243','user'), ('640','登录成功','119','NENER','1423046861','1.204.204.235','user'), ('641','登录成功','155','MrOne','1425481226','222.78.96.184','user'), ('642','登录成功','119','NENER','1425540887','58.16.139.10','user'), ('643','登录成功','119','NENER','1426473429','58.16.139.10','user'), ('644','登录成功','119','NENER','1427118897','58.16.139.10','user'), ('645','登录成功','119','NENER','1427123821','1.204.205.31','user'), ('646','登录成功','119','NENER','1428152451','1.204.207.128','user'), ('647','登录成功','119','NENER','1428152451','1.204.207.128','user');
INSERT INTO `notice` VALUES ('411','&lt;span class=&quot;label label-danger&quot;&gt;系统&lt;/span&gt;','你中奖了','你在抽奖活动中中了：参与奖。奖品：代金券0.1元。兑换码：lExGPfu547f0b68899b2。请及时兑奖。<br>兑奖地址：贵州财经大学创业园-指尖科技(笃行楼B栋101-F)。<br><a href=\"/recharge.html\" class=\"btn btn-success\" target=\"_blak\">代金券兑换</a>','0','120','1417612135','10'), ('413','&lt;span class=&quot;label label-danger&quot;&gt;系统&lt;/span&gt;','你中奖了','你在抽奖活动中中了：三等奖。奖品：电脑维修服务大礼包（重装系统、修补WIFI等）。兑换码：6Sx1YsG547f0b8394270。请及时兑奖。<br>兑奖地址：贵州财经大学创业园-指尖科技(笃行楼B栋101-F)。','0','113','1417612162','10'), ('414','&lt;span class=&quot;label label-danger&quot;&gt;系统&lt;/span&gt;','兑换奖品','你已使用代金券0.1元成功兑换金橘。','0','120','1417612178','10'), ('420','&lt;span class=&quot;label label-danger&quot;&gt;系统&lt;/span&gt;','你中奖了','你在抽奖活动中中了：四等奖。奖品：收纳盒或精美钥匙扣。兑换码：N2Z5MAt547f121f0e059。请及时兑奖。<br>兑奖地址：贵州财经大学创业园-指尖科技(笃行楼B栋101-F)。','0','155','1417613854','10'), ('421','&lt;span class=&quot;label label-warning&quot;&gt;回复&lt;/span&gt;','你一有条回复信息','在&amp;nbsp;\r\n&lt;a href=&quot;/g/570.html&quot; class=&quot;text-orange&quot;&gt;【金士顿U盘】Data Traveler Locker+G3  USB3.0 16GB 全金属硬加密&lt;/a&gt;\r\n&amp;nbsp;中被&amp;nbsp;\r\n&lt;a href=&quot;/user/Canon.html&quot; class=&quot;text-orange&quot;&gt;@Canon&lt;/a&gt;\r\n&amp;nbsp;回复\r\n&lt;blockquote&gt;\r\n	&lt;p&gt;Canon&lt;/p&gt;\r\n	&lt;p&gt;快赶紧买下来！&lt;/p&gt;\r\n&lt;/blockquote&gt;\r\n&lt;button class=&quot;btn btn-primary replaybtn&quot; gid=&quot;570&quot; aid=&quot;170&quot; cid=&quot;348&quot; data-toggle=&quot;modal&quot; data-target=&quot;#refModal&quot; &gt;回复评论&lt;/button&gt;','170','171','1417614732','10'), ('422','&lt;span class=&quot;label label-danger&quot;&gt;系统&lt;/span&gt;','你中奖了','你在抽奖活动中中了：六等奖。奖品：Q版钥匙保护套或精美书签或熊猫记账本。兑换码：SRe1apK547f1940c84b6。请及时兑奖。<br>兑奖地址：贵州财经大学创业园-指尖科技(笃行楼B栋101-F)。','0','152','1417615679','10'), ('423','&lt;span class=&quot;label label-danger&quot;&gt;系统&lt;/span&gt;','你中奖了','你在抽奖活动中中了：参与奖。奖品：代金券0.1元。兑换码：MxXQkFE547f222428fc6。请及时兑奖。<br>兑奖地址：贵州财经大学创业园-指尖科技(笃行楼B栋101-F)。<br><a href=\"/recharge.html\" class=\"btn btn-success\" target=\"_blak\">代金券兑换</a>','0','172','1417617955','10'), ('424','&lt;span class=&quot;label label-danger&quot;&gt;系统&lt;/span&gt;','你中奖了','你在抽奖活动中中了：七等奖。奖品：deli铅笔一支。兑换码：GYfZkz9547f23ecc9ae9。请及时兑奖。<br>兑奖地址：贵州财经大学创业园-指尖科技(笃行楼B栋101-F)。','0','173','1417618412','10'), ('426','&lt;span class=&quot;label label-danger&quot;&gt;系统&lt;/span&gt;','你中奖了','你在抽奖活动中中了：三等奖。奖品：电脑维修服务大礼包（重装系统、修补WIFI等）。兑换码：cLpNpne547f26a98bc11。请及时兑奖。<br>兑奖地址：贵州财经大学创业园-指尖科技(笃行楼B栋101-F)。','0','174','1417619112','10'), ('427','&lt;span class=&quot;label label-danger&quot;&gt;系统&lt;/span&gt;','你中奖了','你在抽奖活动中中了：三等奖。奖品：电脑维修服务大礼包（重装系统、修补WIFI等）。兑换码：9ONT338547f27a206462。请及时兑奖。<br>兑奖地址：贵州财经大学创业园-指尖科技(笃行楼B栋101-F)。','0','176','1417619360','10'), ('428','&lt;span class=&quot;label label-danger&quot;&gt;系统&lt;/span&gt;','你中奖了','你在抽奖活动中中了：二等奖。奖品：精美表情杯或精装礼盒钥匙扣。兑换码：hHhL6Bu547f2865db67f。请及时兑奖。<br>兑奖地址：贵州财经大学创业园-指尖科技(笃行楼B栋101-F)。','0','175','1417619556','10'), ('429','&lt;span class=&quot;label label-danger&quot;&gt;系统&lt;/span&gt;','你中奖了','你在抽奖活动中中了：六等奖。奖品：Q版钥匙保护套或精美书签或熊猫记账本。兑换码：_Hfi3KJ547f286f0287d。请及时兑奖。<br>兑奖地址：贵州财经大学创业园-指尖科技(笃行楼B栋101-F)。','0','178','1417619566','10'), ('430','&lt;span class=&quot;label label-danger&quot;&gt;系统&lt;/span&gt;','你中奖了','你在抽奖活动中中了：六等奖。奖品：Q版钥匙保护套或精美书签或熊猫记账本。兑换码：TFP2pLO547f2893363de。请及时兑奖。<br>兑奖地址：贵州财经大学创业园-指尖科技(笃行楼B栋101-F)。','0','177','1417619602','10'), ('431','&lt;span class=&quot;label label-danger&quot;&gt;系统&lt;/span&gt;','你中奖了','你在抽奖活动中中了：三等奖。奖品：电脑维修服务大礼包（重装系统、修补WIFI等）。兑换码：grlWC0l547f294ab0c6d。请及时兑奖。<br>兑奖地址：贵州财经大学创业园-指尖科技(笃行楼B栋101-F)。','0','180','1417619785','10'), ('432','&lt;span class=&quot;label label-danger&quot;&gt;系统&lt;/span&gt;','你中奖了','你在抽奖活动中中了：参与奖。奖品：代金券0.1元。兑换码：fuXbvcp547f29533c288。请及时兑奖。<br>兑奖地址：贵州财经大学创业园-指尖科技(笃行楼B栋101-F)。<br><a href=\"/recharge.html\" class=\"btn btn-success\" target=\"_blak\">代金券兑换</a>','0','181','1417619794','10'), ('433','&lt;span class=&quot;label label-danger&quot;&gt;系统&lt;/span&gt;','你中奖了','你在抽奖活动中中了：参与奖。奖品：代金券0.1元。兑换码：n4iAyrZ547f2975e2131。请及时兑奖。<br>兑奖地址：贵州财经大学创业园-指尖科技(笃行楼B栋101-F)。<br><a href=\"/recharge.html\" class=\"btn btn-success\" target=\"_blak\">代金券兑换</a>','0','179','1417619829','10'), ('434','&lt;span class=&quot;label label-danger&quot;&gt;系统&lt;/span&gt;','你中奖了','你在抽奖活动中中了：六等奖。奖品：Q版钥匙保护套或精美书签或熊猫记账本。兑换码：Ji7CrI9547f29fb9f737。请及时兑奖。<br>兑奖地址：贵州财经大学创业园-指尖科技(笃行楼B栋101-F)。','0','183','1417619962','10'), ('435','&lt;span class=&quot;label label-danger&quot;&gt;系统&lt;/span&gt;','你中奖了','你在抽奖活动中中了：三等奖。奖品：电脑维修服务大礼包（重装系统、修补WIFI等）。兑换码：lMroGDY547f29ff0527f。请及时兑奖。<br>兑奖地址：贵州财经大学创业园-指尖科技(笃行楼B栋101-F)。','0','184','1417619966','10'), ('436','&lt;span class=&quot;label label-danger&quot;&gt;系统&lt;/span&gt;','你中奖了','你在抽奖活动中中了：三等奖。奖品：电脑维修服务大礼包（重装系统、修补WIFI等）。兑换码：2afexi3547f2a7bc2c8b。请及时兑奖。<br>兑奖地址：贵州财经大学创业园-指尖科技(笃行楼B栋101-F)。','0','185','1417620090','10'), ('437','&lt;span class=&quot;label label-danger&quot;&gt;系统&lt;/span&gt;','你中奖了','你在抽奖活动中中了：参与奖。奖品：代金券0.1元。兑换码：mLsTJ2y547f2afc825d4。请及时兑奖。<br>兑奖地址：贵州财经大学创业园-指尖科技(笃行楼B栋101-F)。<br><a href=\"/recharge.html\" class=\"btn btn-success\" target=\"_blak\">代金券兑换</a>','0','189','1417620219','10'), ('438','&lt;span class=&quot;label label-danger&quot;&gt;系统&lt;/span&gt;','你中奖了','你在抽奖活动中中了：参与奖。奖品：代金券0.1元。兑换码：mTmoD82547f2b0833b5b。请及时兑奖。<br>兑奖地址：贵州财经大学创业园-指尖科技(笃行楼B栋101-F)。<br><a href=\"/recharge.html\" class=\"btn btn-success\" target=\"_blak\">代金券兑换</a>','0','187','1417620231','10'), ('439','&lt;span class=&quot;label label-danger&quot;&gt;系统&lt;/span&gt;','兑换奖品','你已使用代金券0.1元成功兑换金橘。','0','187','1417620263','10'), ('440','&lt;span class=&quot;label label-danger&quot;&gt;系统&lt;/span&gt;','你中奖了','你在抽奖活动中中了：参与奖。奖品：代金券0.1元。兑换码：661RY78547f2b4518a73。请及时兑奖。<br>兑奖地址：贵州财经大学创业园-指尖科技(笃行楼B栋101-F)。<br><a href=\"/recharge.html\" class=\"btn btn-success\" target=\"_blak\">代金券兑换</a>','0','188','1417620292','10'), ('441','&lt;span class=&quot;label label-danger&quot;&gt;系统&lt;/span&gt;','你中奖了','你在抽奖活动中中了：七等奖。奖品：deli铅笔一支。兑换码：jX8RNLI547f2b89b44bf。请及时兑奖。<br>兑奖地址：贵州财经大学创业园-指尖科技(笃行楼B栋101-F)。','0','190','1417620360','10'), ('442','&lt;span class=&quot;label label-danger&quot;&gt;系统&lt;/span&gt;','你中奖了','你在抽奖活动中中了：参与奖。奖品：代金券0.1元。兑换码：4IoWMlh547f2dda4e25a。请及时兑奖。<br>兑奖地址：贵州财经大学创业园-指尖科技(笃行楼B栋101-F)。<br><a href=\"/recharge.html\" class=\"btn btn-success\" target=\"_blak\">代金券兑换</a>','0','193','1417620953','10'), ('443','&lt;span class=&quot;label label-danger&quot;&gt;系统&lt;/span&gt;','你中奖了','你在抽奖活动中中了：参与奖。奖品：代金券0.1元。兑换码：Ah6K_Bq547f314c31c0d。请及时兑奖。<br>兑奖地址：贵州财经大学创业园-指尖科技(笃行楼B栋101-F)。<br><a href=\"/recharge.html\" class=\"btn btn-success\" target=\"_blak\">代金券兑换</a>','0','194','1417621835','10'), ('444','&lt;span class=&quot;label label-danger&quot;&gt;系统&lt;/span&gt;','你中奖了','你在抽奖活动中中了：参与奖。奖品：代金券0.1元。兑换码：ZJfUKz0547f36c6a1417。请及时兑奖。<br>兑奖地址：贵州财经大学创业园-指尖科技(笃行楼B栋101-F)。<br><a href=\"/recharge.html\" class=\"btn btn-success\" target=\"_blak\">代金券兑换</a>','0','198','1417623237','10'), ('445','&lt;span class=&quot;label label-danger&quot;&gt;系统&lt;/span&gt;','兑奖成功','你已成功兑换 &nbsp;<span class=\"text-orange\">六等奖</span>&nbsp;奖品：<span class=\"text-orange\">Q版钥匙保护套或精美书签或熊猫记账本</span>','0','152','1417660808','10'), ('446','&lt;span class=&quot;label label-danger&quot;&gt;系统&lt;/span&gt;','兑奖成功','你已成功兑换 &nbsp;<span class=\"text-orange\">三等奖</span>&nbsp;奖品：<span class=\"text-orange\">电脑维修服务大礼包（重装系统、修补WIFI等）</span>','0','113','1417660817','10'), ('447','&lt;span class=&quot;label label-danger&quot;&gt;系统&lt;/span&gt;','你中奖了','你在抽奖活动中中了：七等奖。奖品：deli铅笔一支。兑换码：IIX8XfH547fcc584a8f9。请及时兑奖。<br>兑奖地址：贵州财经大学创业园-指尖科技(笃行楼B栋101-F)。','0','199','1417661527','10'), ('449','&lt;span class=&quot;label label-danger&quot;&gt;系统&lt;/span&gt;','兑奖成功','你已成功兑换 &nbsp;<span class=\"text-orange\">六等奖</span>&nbsp;奖品：<span class=\"text-orange\">Q版钥匙保护套或精美书签或熊猫记账本</span>','0','177','1417662364','10'), ('450','&lt;span class=&quot;label label-danger&quot;&gt;系统&lt;/span&gt;','兑奖成功','你已成功兑换 &nbsp;<span class=\"text-orange\">六等奖</span>&nbsp;奖品：<span class=\"text-orange\">Q版钥匙保护套或精美书签或熊猫记账本</span>','0','183','1417662397','10'), ('451','&lt;span class=&quot;label label-danger&quot;&gt;系统&lt;/span&gt;','你中奖了','你在抽奖活动中中了：参与奖。奖品：代金券0.1元。兑换码：16aBEOA547fd029b8d40。请及时兑奖。<br>兑奖地址：贵州财经大学创业园-指尖科技(笃行楼B栋101-F)。<br><a href=\"/recharge.html\" class=\"btn btn-success\" target=\"_blak\">代金券兑换</a>','0','201','1417662505','10'), ('452','&lt;span class=&quot;label label-danger&quot;&gt;系统&lt;/span&gt;','你中奖了','你在抽奖活动中中了：七等奖。奖品：deli铅笔一支。兑换码：gilccaZ547fd08f24b73。请及时兑奖。<br>兑奖地址：贵州财经大学创业园-指尖科技(笃行楼B栋101-F)。','0','200','1417662606','10'), ('454','&lt;span class=&quot;label label-danger&quot;&gt;系统&lt;/span&gt;','兑换奖品','你已使用代金券0.1元成功兑换金橘。','0','201','1417664210','10'), ('455','&lt;span class=&quot;label label-danger&quot;&gt;系统&lt;/span&gt;','你中奖了','你在抽奖活动中中了：参与奖。奖品：代金券0.1元。兑换码：c7VjxDN547fdc720ea03。请及时兑奖。<br>兑奖地址：贵州财经大学创业园-指尖科技(笃行楼B栋101-F)。<br><a href=\"/recharge.html\" class=\"btn btn-success\" target=\"_blak\">代金券兑换</a>','0','204','1417665649','10'), ('456','&lt;span class=&quot;label label-danger&quot;&gt;系统&lt;/span&gt;','兑换奖品','你已使用代金券0.1元成功兑换金橘。','0','204','1417665681','10'), ('457','&lt;span class=&quot;label label-danger&quot;&gt;系统&lt;/span&gt;','你中奖了','你在抽奖活动中中了：参与奖。奖品：代金券0.1元。兑换码：zThCeLQ547fe0cd98cb1。请及时兑奖。<br>兑奖地址：贵州财经大学创业园-指尖科技(笃行楼B栋101-F)。<br><a href=\"/recharge.html\" class=\"btn btn-success\" target=\"_blak\">代金券兑换</a>','0','205','1417666764','10'), ('458','&lt;span class=&quot;label label-danger&quot;&gt;系统&lt;/span&gt;','你中奖了','你在抽奖活动中中了：参与奖。奖品：代金券0.1元。兑换码：2h1XBXD547fe391608f3。请及时兑奖。<br>兑奖地址：贵州财经大学创业园-指尖科技(笃行楼B栋101-F)。<br><a href=\"/recharge.html\" class=\"btn btn-success\" target=\"_blak\">代金券兑换</a>','0','206','1417667472','10'), ('459','&lt;span class=&quot;label label-danger&quot;&gt;系统&lt;/span&gt;','你中奖了','你在抽奖活动中中了：参与奖。奖品：代金券0.1元。兑换码：3LOb9P0547fe84e06cb9。请及时兑奖。<br>兑奖地址：贵州财经大学创业园-指尖科技(笃行楼B栋101-F)。<br><a href=\"/recharge.html\" class=\"btn btn-success\" target=\"_blak\">代金券兑换</a>','0','207','1417668685','10'), ('461','&lt;span class=&quot;label label-danger&quot;&gt;系统&lt;/span&gt;','你中奖了','你在抽奖活动中中了：七等奖。奖品：deli铅笔一支。兑换码：OrcXnSY547ff0300e633。请及时兑奖。<br>兑奖地址：贵州财经大学创业园-指尖科技(笃行楼B栋101-F)。','0','208','1417670703','10'), ('462','&lt;span class=&quot;label label-danger&quot;&gt;系统&lt;/span&gt;','兑奖成功','你已成功兑换 &nbsp;<span class=\"text-orange\">二等奖</span>&nbsp;奖品：<span class=\"text-orange\">精美表情杯或精装礼盒钥匙扣</span>','0','175','1417671345','10'), ('463','&lt;span class=&quot;label label-danger&quot;&gt;系统&lt;/span&gt;','你中奖了','你在抽奖活动中中了：四等奖。奖品：收纳盒或精美钥匙扣。兑换码：NZ1dbED547ffbbeb6a21。请及时兑奖。<br>兑奖地址：贵州财经大学创业园-指尖科技(笃行楼B栋101-F)。','0','210','1417673661','10'), ('464','&lt;span class=&quot;label label-danger&quot;&gt;系统&lt;/span&gt;','你中奖了','你在抽奖活动中中了：五等奖。奖品：创意洗漱杯或金属笔筒。兑换码：mW2qH8D548002abf12e2。请及时兑奖。<br>兑奖地址：贵州财经大学创业园-指尖科技(笃行楼B栋101-F)。','0','211','1417675435','10'), ('465','&lt;span class=&quot;label label-danger&quot;&gt;系统&lt;/span&gt;','你中奖了','你在抽奖活动中中了：五等奖。奖品：创意洗漱杯或金属笔筒。兑换码：xT3k0HS54800396e1e65。请及时兑奖。<br>兑奖地址：贵州财经大学创业园-指尖科技(笃行楼B栋101-F)。','0','212','1417675670','10'), ('466','&lt;span class=&quot;label label-danger&quot;&gt;系统&lt;/span&gt;','你中奖了','你在抽奖活动中中了：六等奖。奖品：Q版钥匙保护套或精美书签或熊猫记账本。兑换码：ZwXHRsy54800419b3e24。请及时兑奖。<br>兑奖地址：贵州财经大学创业园-指尖科技(笃行楼B栋101-F)。','0','213','1417675801','10'), ('467','&lt;span class=&quot;label label-danger&quot;&gt;系统&lt;/span&gt;','你中奖了','你在抽奖活动中中了：七等奖。奖品：deli铅笔一支。兑换码：0R96g9l54800648d2c2e。请及时兑奖。<br>兑奖地址：贵州财经大学创业园-指尖科技(笃行楼B栋101-F)。','0','215','1417676360','10'), ('468','&lt;span class=&quot;label label-danger&quot;&gt;系统&lt;/span&gt;','你中奖了','你在抽奖活动中中了：七等奖。奖品：deli铅笔一支。兑换码：USvP6Ti548007bfd26f7。请及时兑奖。<br>兑奖地址：贵州财经大学创业园-指尖科技(笃行楼B栋101-F)。','0','216','1417676735','10'), ('469','&lt;span class=&quot;label label-danger&quot;&gt;系统&lt;/span&gt;','你中奖了','你在抽奖活动中中了：七等奖。奖品：deli铅笔一支。兑换码：PCVgSFJ548008bbc7fd0。请及时兑奖。<br>兑奖地址：贵州财经大学创业园-指尖科技(笃行楼B栋101-F)。','0','218','1417676987','10'), ('470','&lt;span class=&quot;label label-danger&quot;&gt;系统&lt;/span&gt;','你中奖了','你在抽奖活动中中了：参与奖。奖品：代金券0.1元。兑换码：wrjLzdd548008c00a713。请及时兑奖。<br>兑奖地址：贵州财经大学创业园-指尖科技(笃行楼B栋101-F)。<br><a href=\"/recharge.html\" class=\"btn btn-success\" target=\"_blak\">代金券兑换</a>','0','217','1417676991','10'), ('471','&lt;span class=&quot;label label-danger&quot;&gt;系统&lt;/span&gt;','你中奖了','你在抽奖活动中中了：参与奖。奖品：代金券0.1元。兑换码：GscWzHP5480091c5a490。请及时兑奖。<br>兑奖地址：贵州财经大学创业园-指尖科技(笃行楼B栋101-F)。<br><a href=\"/recharge.html\" class=\"btn btn-success\" target=\"_blak\">代金券兑换</a>','0','220','1417677083','10'), ('472','&lt;span class=&quot;label label-danger&quot;&gt;系统&lt;/span&gt;','你中奖了','你在抽奖活动中中了：三等奖。奖品：电脑维修服务大礼包（重装系统、修补WIFI等）。兑换码：qxRKgq054800a615c92f。请及时兑奖。<br>兑奖地址：贵州财经大学创业园-指尖科技(笃行楼B栋101-F)。','0','221','1417677408','10'), ('473','&lt;span class=&quot;label label-danger&quot;&gt;系统&lt;/span&gt;','你中奖了','你在抽奖活动中中了：六等奖。奖品：Q版钥匙保护套或精美书签或熊猫记账本。兑换码：avcS9Nt54800aefdf2b4。请及时兑奖。<br>兑奖地址：贵州财经大学创业园-指尖科技(笃行楼B栋101-F)。','0','222','1417677551','10'), ('474','&lt;span class=&quot;label label-danger&quot;&gt;系统&lt;/span&gt;','你中奖了','你在抽奖活动中中了：参与奖。奖品：代金券0.1元。兑换码：vTj3cup54800c5f0dbdd。请及时兑奖。<br>兑奖地址：贵州财经大学创业园-指尖科技(笃行楼B栋101-F)。<br><a href=\"/recharge.html\" class=\"btn btn-success\" target=\"_blak\">代金券兑换</a>','0','224','1417677918','10'), ('475','&lt;span class=&quot;label label-danger&quot;&gt;系统&lt;/span&gt;','你中奖了','你在抽奖活动中中了：六等奖。奖品：Q版钥匙保护套或精美书签或熊猫记账本。兑换码：LXBb_Sc54800c82a9041。请及时兑奖。<br>兑奖地址：贵州财经大学创业园-指尖科技(笃行楼B栋101-F)。','0','225','1417677953','10'), ('476','&lt;span class=&quot;label label-danger&quot;&gt;系统&lt;/span&gt;','你中奖了','你在抽奖活动中中了：七等奖。奖品：deli铅笔一支。兑换码：o2k8AHJ54800ca2a85cf。请及时兑奖。<br>兑奖地址：贵州财经大学创业园-指尖科技(笃行楼B栋101-F)。','0','223','1417677986','10'), ('477','&lt;span class=&quot;label label-danger&quot;&gt;系统&lt;/span&gt;','你中奖了','你在抽奖活动中中了：三等奖。奖品：电脑维修服务大礼包（重装系统、修补WIFI等）。兑换码：gff5TA854800d97300f1。请及时兑奖。<br>兑奖地址：贵州财经大学创业园-指尖科技(笃行楼B栋101-F)。','0','226','1417678230','10'), ('478','&lt;span class=&quot;label label-danger&quot;&gt;系统&lt;/span&gt;','你中奖了','你在抽奖活动中中了：三等奖。奖品：电脑维修服务大礼包（重装系统、修补WIFI等）。兑换码：GSdxRDJ54800fead8d13。请及时兑奖。<br>兑奖地址：贵州财经大学创业园-指尖科技(笃行楼B栋101-F)。','0','227','1417678826','10'), ('479','&lt;span class=&quot;label label-danger&quot;&gt;系统&lt;/span&gt;','你中奖了','你在抽奖活动中中了：七等奖。奖品：deli铅笔一支。兑换码：RCxNZnn54801139d5b1c。请及时兑奖。<br>兑奖地址：贵州财经大学创业园-指尖科技(笃行楼B栋101-F)。','0','229','1417679161','10'), ('480','&lt;span class=&quot;label label-danger&quot;&gt;系统&lt;/span&gt;','你中奖了','你在抽奖活动中中了：参与奖。奖品：代金券0.1元。兑换码：iF_7zbh548011e8bca8c。请及时兑奖。<br>兑奖地址：贵州财经大学创业园-指尖科技(笃行楼B栋101-F)。<br><a href=\"/recharge.html\" class=\"btn btn-success\" target=\"_blak\">代金券兑换</a>','0','228','1417679336','10'), ('481','&lt;span class=&quot;label label-danger&quot;&gt;系统&lt;/span&gt;','你中奖了','你在抽奖活动中中了：六等奖。奖品：Q版钥匙保护套或精美书签或熊猫记账本。兑换码：Wm0q3sS548011f4caf37。请及时兑奖。<br>兑奖地址：贵州财经大学创业园-指尖科技(笃行楼B栋101-F)。','0','231','1417679348','10'), ('482','&lt;span class=&quot;label label-danger&quot;&gt;系统&lt;/span&gt;','你中奖了','你在抽奖活动中中了：参与奖。奖品：代金券0.1元。兑换码：9gI_A0z548013daa0d83。请及时兑奖。<br>兑奖地址：贵州财经大学创业园-指尖科技(笃行楼B栋101-F)。<br><a href=\"/recharge.html\" class=\"btn btn-success\" target=\"_blak\">代金券兑换</a>','0','232','1417679834','10'), ('484','&lt;span class=&quot;label label-danger&quot;&gt;系统&lt;/span&gt;','你中奖了','你在抽奖活动中中了：三等奖。奖品：电脑维修服务大礼包（重装系统、修补WIFI等）。兑换码：MVFYPpe5480146c1f90a。请及时兑奖。<br>兑奖地址：贵州财经大学创业园-指尖科技(笃行楼B栋101-F)。','0','233','1417679979','10'), ('485','&lt;span class=&quot;label label-danger&quot;&gt;系统&lt;/span&gt;','你中奖了','你在抽奖活动中中了：三等奖。奖品：电脑维修服务大礼包（重装系统、修补WIFI等）。兑换码：Jvsv5u15480159445c38。请及时兑奖。<br>兑奖地址：贵州财经大学创业园-指尖科技(笃行楼B栋101-F)。','0','235','1417680275','10'), ('486','&lt;span class=&quot;label label-danger&quot;&gt;系统&lt;/span&gt;','你中奖了','你在抽奖活动中中了：参与奖。奖品：代金券0.1元。兑换码：xkktF8O548016fa553f0。请及时兑奖。<br>兑奖地址：贵州财经大学创业园-指尖科技(笃行楼B栋101-F)。<br><a href=\"/recharge.html\" class=\"btn btn-success\" target=\"_blak\">代金券兑换</a>','0','236','1417680633','10'), ('487','&lt;span class=&quot;label label-danger&quot;&gt;系统&lt;/span&gt;','你中奖了','你在抽奖活动中中了：参与奖。奖品：代金券0.1元。兑换码：z_onTv_54801c9c04cb1。请及时兑奖。<br>兑奖地址：贵州财经大学创业园-指尖科技(笃行楼B栋101-F)。<br><a href=\"/recharge.html\" class=\"btn btn-success\" target=\"_blak\">代金券兑换</a>','0','124','1417682075','10'), ('488','&lt;span class=&quot;label label-danger&quot;&gt;系统&lt;/span&gt;','你中奖了','你在抽奖活动中中了：六等奖。奖品：Q版钥匙保护套或精美书签或熊猫记账本。兑换码：_nQOFQm54801d0c7d82f。请及时兑奖。<br>兑奖地址：贵州财经大学创业园-指尖科技(笃行楼B栋101-F)。','0','237','1417682187','10'), ('489','&lt;span class=&quot;label label-danger&quot;&gt;系统&lt;/span&gt;','兑奖成功','你已成功兑换 &nbsp;<span class=\"text-orange\">六等奖</span>&nbsp;奖品：<span class=\"text-orange\">Q版钥匙保护套或精美书签或熊猫记账本</span>','0','222','1417683240','10'), ('490','&lt;span class=&quot;label label-danger&quot;&gt;系统&lt;/span&gt;','兑奖成功','你已成功兑换 &nbsp;<span class=\"text-orange\">六等奖</span>&nbsp;奖品：<span class=\"text-orange\">Q版钥匙保护套或精美书签或熊猫记账本</span>','0','225','1417683275','10'), ('491','&lt;span class=&quot;label label-danger&quot;&gt;系统&lt;/span&gt;','你中奖了','你在抽奖活动中中了：三等奖。奖品：电脑维修服务大礼包（重装系统、修补WIFI等）。兑换码：svgOjEF548021ffdf680。请及时兑奖。<br>兑奖地址：贵州财经大学创业园-指尖科技(笃行楼B栋101-F)。','0','238','1417683455','10'), ('492','&lt;span class=&quot;label label-danger&quot;&gt;系统&lt;/span&gt;','兑奖成功','你已成功兑换 &nbsp;<span class=\"text-orange\">七等奖</span>&nbsp;奖品：<span class=\"text-orange\">deli铅笔一支</span>','0','229','1417683579','10'), ('493','&lt;span class=&quot;label label-danger&quot;&gt;系统&lt;/span&gt;','你中奖了','你在抽奖活动中中了：三等奖。奖品：电脑维修服务大礼包（重装系统、修补WIFI等）。兑换码：rJ9Ky2W5480233fbc567。请及时兑奖。<br>兑奖地址：贵州财经大学创业园-指尖科技(笃行楼B栋101-F)。','0','123','1417683775','10'), ('495','&lt;span class=&quot;label label-danger&quot;&gt;系统&lt;/span&gt;','你中奖了','你在抽奖活动中中了：六等奖。奖品：Q版钥匙保护套或精美书签或熊猫记账本。兑换码：Pg_VWKu5480241fdc922。请及时兑奖。<br>兑奖地址：贵州财经大学创业园-指尖科技(笃行楼B栋101-F)。','0','240','1417683999','10'), ('496','&lt;span class=&quot;label label-danger&quot;&gt;系统&lt;/span&gt;','你中奖了','你在抽奖活动中中了：参与奖。奖品：代金券0.1元。兑换码：U4RPjoI548024c83c917。请及时兑奖。<br>兑奖地址：贵州财经大学创业园-指尖科技(笃行楼B栋101-F)。<br><a href=\"/recharge.html\" class=\"btn btn-success\" target=\"_blak\">代金券兑换</a>','0','242','1417684167','10'), ('497','&lt;span class=&quot;label label-danger&quot;&gt;系统&lt;/span&gt;','你中奖了','你在抽奖活动中中了：六等奖。奖品：Q版钥匙保护套或精美书签或熊猫记账本。兑换码：ZmKTU6E548025432106a。请及时兑奖。<br>兑奖地址：贵州财经大学创业园-指尖科技(笃行楼B栋101-F)。','0','243','1417684290','10'), ('498','&lt;span class=&quot;label label-danger&quot;&gt;系统&lt;/span&gt;','兑奖成功','你已成功兑换 &nbsp;<span class=\"text-orange\">六等奖</span>&nbsp;奖品：<span class=\"text-orange\">Q版钥匙保护套或精美书签或熊猫记账本</span>','0','240','1417684392','10'), ('499','&lt;span class=&quot;label label-danger&quot;&gt;系统&lt;/span&gt;','兑奖成功','你已成功兑换 &nbsp;<span class=\"text-orange\">六等奖</span>&nbsp;奖品：<span class=\"text-orange\">Q版钥匙保护套或精美书签或熊猫记账本</span>','0','243','1417684395','10'), ('500','&lt;span class=&quot;label label-danger&quot;&gt;系统&lt;/span&gt;','兑换奖品','你已使用代金券0.1元成功兑换金橘。','0','242','1417685274','10'), ('503','&lt;span class=&quot;label label-info&quot;&gt;留言&lt;/span&gt;','你有一条新留言','&lt;a href=&quot;/g/578.html&quot; class=&quot;text-orange&quot;&gt;从你的全世界路过 张嘉佳&lt;/a&gt;\r\n&amp;nbsp;已被&amp;nbsp;\r\n&lt;a href=&quot;/user/nener.html&quot; class=&quot;text-orange&quot;&gt;@NENER&lt;/a&gt;\r\n&amp;nbsp;评论\r\n&lt;blockquote&gt;\r\n	&lt;p&gt;NENER&lt;/p&gt;\r\n	&lt;p&gt;30卖不&lt;/p&gt;\r\n&lt;/blockquote&gt;\r\n&lt;button class=&quot;btn btn-primary replaybtn&quot; gid=&quot;578&quot; aid=&quot;119&quot; cid=&quot;350&quot;  data-toggle=&quot;modal&quot; data-target=&quot;#refModal&quot;&gt;回复评论&lt;/button&gt;','119','125','1417686460','10'), ('504','&lt;span class=&quot;label label-danger&quot;&gt;系统&lt;/span&gt;','你中奖了','你在抽奖活动中中了：六等奖。奖品：Q版钥匙保护套或精美书签或熊猫记账本。兑换码：zAvjhDT548043cd43ee4。请及时兑奖。<br>兑奖地址：贵州财经大学创业园-指尖科技(笃行楼B栋101-F)。','0','245','1417692108','10'), ('505','&lt;span class=&quot;label label-danger&quot;&gt;系统&lt;/span&gt;','你中奖了','你在抽奖活动中中了：六等奖。奖品：Q版钥匙保护套或精美书签或熊猫记账本。兑换码：t5BXRZu548046b1323c4。请及时兑奖。<br>兑奖地址：贵州财经大学创业园-指尖科技(笃行楼B栋101-F)。','0','246','1417692848','10'), ('506','&lt;span class=&quot;label label-danger&quot;&gt;系统&lt;/span&gt;','你中奖了','你在抽奖活动中中了：五等奖。奖品：创意洗漱杯或金属笔筒。兑换码：Rpm8qb554804fe8acc42。请及时兑奖。<br>兑奖地址：贵州财经大学创业园-指尖科技(笃行楼B栋101-F)。','0','247','1417695207','10'), ('507','&lt;span class=&quot;label label-danger&quot;&gt;系统&lt;/span&gt;','你中奖了','你在抽奖活动中中了：五等奖。奖品：创意洗漱杯或金属笔筒。兑换码：AIeRU1P548050c72bf3c。请及时兑奖。<br>兑奖地址：贵州财经大学创业园-指尖科技(笃行楼B栋101-F)。','0','248','1417695430','10'), ('508','&lt;span class=&quot;label label-danger&quot;&gt;系统&lt;/span&gt;','你中奖了','你在抽奖活动中中了：七等奖。奖品：deli铅笔一支。兑换码：T29neIU54805171bd5df。请及时兑奖。<br>兑奖地址：贵州财经大学创业园-指尖科技(笃行楼B栋101-F)。','0','249','1417695601','10'), ('509','&lt;span class=&quot;label label-danger&quot;&gt;系统&lt;/span&gt;','你中奖了','你在抽奖活动中中了：六等奖。奖品：Q版钥匙保护套或精美书签或熊猫记账本。兑换码：HjgT9yR5480522d69821。请及时兑奖。<br>兑奖地址：贵州财经大学创业园-指尖科技(笃行楼B栋101-F)。','0','250','1417695788','10'), ('510','&lt;span class=&quot;label label-danger&quot;&gt;系统&lt;/span&gt;','你中奖了','你在抽奖活动中中了：二等奖。奖品：精美表情杯或精装礼盒钥匙扣。兑换码：kHcnrFT54805334bcc03。请及时兑奖。<br>兑奖地址：贵州财经大学创业园-指尖科技(笃行楼B栋101-F)。','0','251','1417696052','10'), ('511','&lt;span class=&quot;label label-danger&quot;&gt;系统&lt;/span&gt;','你中奖了','你在抽奖活动中中了：三等奖。奖品：电脑维修服务大礼包（重装系统、修补WIFI等）。兑换码：pz2dSBu5480545582a06。请及时兑奖。<br>兑奖地址：贵州财经大学创业园-指尖科技(笃行楼B栋101-F)。','0','252','1417696340','10'), ('512','&lt;span class=&quot;label label-danger&quot;&gt;系统&lt;/span&gt;','你中奖了','你在抽奖活动中中了：参与奖。奖品：代金券0.1元。兑换码：RTThrAz548054f8bc830。请及时兑奖。<br>兑奖地址：贵州财经大学创业园-指尖科技(笃行楼B栋101-F)。<br><a href=\"/recharge.html\" class=\"btn btn-success\" target=\"_blak\">代金券兑换</a>','0','253','1417696504','10'), ('513','&lt;span class=&quot;label label-danger&quot;&gt;系统&lt;/span&gt;','你中奖了','你在抽奖活动中中了：三等奖。奖品：电脑维修服务大礼包（重装系统、修补WIFI等）。兑换码：Gw8HZiV5480556fac0e2。请及时兑奖。<br>兑奖地址：贵州财经大学创业园-指尖科技(笃行楼B栋101-F)。','0','254','1417696622','10'), ('514','&lt;span class=&quot;label label-danger&quot;&gt;系统&lt;/span&gt;','你中奖了','你在抽奖活动中中了：参与奖。奖品：代金券0.1元。兑换码：6Ppwrqv548056f4e5fd3。请及时兑奖。<br>兑奖地址：贵州财经大学创业园-指尖科技(笃行楼B栋101-F)。<br><a href=\"/recharge.html\" class=\"btn btn-success\" target=\"_blak\">代金券兑换</a>','0','256','1417697012','10'), ('515','&lt;span class=&quot;label label-danger&quot;&gt;系统&lt;/span&gt;','你中奖了','你在抽奖活动中中了：参与奖。奖品：代金券0.1元。兑换码：pievTaY548057927d9d7。请及时兑奖。<br>兑奖地址：贵州财经大学创业园-指尖科技(笃行楼B栋101-F)。<br><a href=\"/recharge.html\" class=\"btn btn-success\" target=\"_blak\">代金券兑换</a>','0','257','1417697169','10'), ('516','&lt;span class=&quot;label label-danger&quot;&gt;系统&lt;/span&gt;','你中奖了','你在抽奖活动中中了：三等奖。奖品：电脑维修服务大礼包（重装系统、修补WIFI等）。兑换码：ciNNaUh5480579b45b9a。请及时兑奖。<br>兑奖地址：贵州财经大学创业园-指尖科技(笃行楼B栋101-F)。','0','258','1417697178','10'), ('517','&lt;span class=&quot;label label-danger&quot;&gt;系统&lt;/span&gt;','你中奖了','你在抽奖活动中中了：参与奖。奖品：代金券0.1元。兑换码：bjapE3Y54805838b5390。请及时兑奖。<br>兑奖地址：贵州财经大学创业园-指尖科技(笃行楼B栋101-F)。<br><a href=\"/recharge.html\" class=\"btn btn-success\" target=\"_blak\">代金券兑换</a>','0','259','1417697336','10'), ('518','&lt;span class=&quot;label label-danger&quot;&gt;系统&lt;/span&gt;','你中奖了','你在抽奖活动中中了：参与奖。奖品：代金券0.1元。兑换码：vPhwtzo5480586e660b7。请及时兑奖。<br>兑奖地址：贵州财经大学创业园-指尖科技(笃行楼B栋101-F)。<br><a href=\"/recharge.html\" class=\"btn btn-success\" target=\"_blak\">代金券兑换</a>','0','255','1417697389','10'), ('519','&lt;span class=&quot;label label-danger&quot;&gt;系统&lt;/span&gt;','你中奖了','你在抽奖活动中中了：六等奖。奖品：Q版钥匙保护套或精美书签或熊猫记账本。兑换码：WQvDArs5480592f1fb64。请及时兑奖。<br>兑奖地址：贵州财经大学创业园-指尖科技(笃行楼B栋101-F)。','0','261','1417697582','10'), ('520','&lt;span class=&quot;label label-danger&quot;&gt;系统&lt;/span&gt;','你中奖了','你在抽奖活动中中了：六等奖。奖品：Q版钥匙保护套或精美书签或熊猫记账本。兑换码：Ce2VqsD54805acd52649。请及时兑奖。<br>兑奖地址：贵州财经大学创业园-指尖科技(笃行楼B栋101-F)。','0','262','1417697996','10'), ('521','&lt;span class=&quot;label label-danger&quot;&gt;系统&lt;/span&gt;','你中奖了','你在抽奖活动中中了：参与奖。奖品：代金券0.1元。兑换码：u9QFW2E54805b6bc90d2。请及时兑奖。<br>兑奖地址：贵州财经大学创业园-指尖科技(笃行楼B栋101-F)。<br><a href=\"/recharge.html\" class=\"btn btn-success\" target=\"_blak\">代金券兑换</a>','0','263','1417698155','10'), ('522','&lt;span class=&quot;label label-danger&quot;&gt;系统&lt;/span&gt;','你中奖了','你在抽奖活动中中了：参与奖。奖品：代金券0.1元。兑换码：eHUDLLl54805bf24f33e。请及时兑奖。<br>兑奖地址：贵州财经大学创业园-指尖科技(笃行楼B栋101-F)。<br><a href=\"/recharge.html\" class=\"btn btn-success\" target=\"_blak\">代金券兑换</a>','0','264','1417698289','10'), ('523','&lt;span class=&quot;label label-danger&quot;&gt;系统&lt;/span&gt;','你中奖了','你在抽奖活动中中了：四等奖。奖品：收纳盒或精美钥匙扣。兑换码：LMjd7yH54805c7d0447c。请及时兑奖。<br>兑奖地址：贵州财经大学创业园-指尖科技(笃行楼B栋101-F)。','0','265','1417698428','10'), ('524','&lt;span class=&quot;label label-danger&quot;&gt;系统&lt;/span&gt;','你中奖了','你在抽奖活动中中了：五等奖。奖品：创意洗漱杯或金属笔筒。兑换码：koPxWtE54805de16f9e4。请及时兑奖。<br>兑奖地址：贵州财经大学创业园-指尖科技(笃行楼B栋101-F)。','0','266','1417698784','10');
INSERT INTO `notice` VALUES ('525','&lt;span class=&quot;label label-danger&quot;&gt;系统&lt;/span&gt;','你中奖了','你在抽奖活动中中了：三等奖。奖品：电脑维修服务大礼包（重装系统、修补WIFI等）。兑换码：xb90S025480602f44920。请及时兑奖。<br>兑奖地址：贵州财经大学创业园-指尖科技(笃行楼B栋101-F)。','0','267','1417699374','10'), ('526','&lt;span class=&quot;label label-danger&quot;&gt;系统&lt;/span&gt;','你中奖了','你在抽奖活动中中了：三等奖。奖品：电脑维修服务大礼包（重装系统、修补WIFI等）。兑换码：_C3YNze548061a94dc7f。请及时兑奖。<br>兑奖地址：贵州财经大学创业园-指尖科技(笃行楼B栋101-F)。','0','191','1417699752','10'), ('527','&lt;span class=&quot;label label-danger&quot;&gt;系统&lt;/span&gt;','你中奖了','你在抽奖活动中中了：参与奖。奖品：代金券0.1元。兑换码：xgWKy33548063370ce1e。请及时兑奖。<br>兑奖地址：贵州财经大学创业园-指尖科技(笃行楼B栋101-F)。<br><a href=\"/recharge.html\" class=\"btn btn-success\" target=\"_blak\">代金券兑换</a>','0','270','1417700150','10'), ('529','&lt;span class=&quot;label label-danger&quot;&gt;系统&lt;/span&gt;','你中奖了','你在抽奖活动中中了：三等奖。奖品：电脑维修服务大礼包（重装系统、修补WIFI等）。兑换码：z5YKKxg5480645135ae1。请及时兑奖。<br>兑奖地址：贵州财经大学创业园-指尖科技(笃行楼B栋101-F)。','0','272','1417700432','10'), ('530','&lt;span class=&quot;label label-danger&quot;&gt;系统&lt;/span&gt;','你中奖了','你在抽奖活动中中了：参与奖。奖品：代金券0.1元。兑换码：AXGRl6C54806d51c0231。请及时兑奖。<br>兑奖地址：贵州财经大学创业园-指尖科技(笃行楼B栋101-F)。<br><a href=\"/recharge.html\" class=\"btn btn-success\" target=\"_blak\">代金券兑换</a>','0','274','1417702737','10'), ('531','&lt;span class=&quot;label label-danger&quot;&gt;系统&lt;/span&gt;','你中奖了','你在抽奖活动中中了：三等奖。奖品：电脑维修服务大礼包（重装系统、修补WIFI等）。兑换码：uGdN1kG54806e9ddf82a。请及时兑奖。<br>兑奖地址：贵州财经大学创业园-指尖科技(笃行楼B栋101-F)。','0','275','1417703069','10'), ('532','&lt;span class=&quot;label label-danger&quot;&gt;系统&lt;/span&gt;','你中奖了','你在抽奖活动中中了：三等奖。奖品：电脑维修服务大礼包（重装系统、修补WIFI等）。兑换码：Ts9Qg1f54806f63216cd。请及时兑奖。<br>兑奖地址：贵州财经大学创业园-指尖科技(笃行楼B栋101-F)。','0','276','1417703266','10'), ('533','&lt;span class=&quot;label label-danger&quot;&gt;系统&lt;/span&gt;','你中奖了','你在抽奖活动中中了：三等奖。奖品：电脑维修服务大礼包（重装系统、修补WIFI等）。兑换码：dOcxBnV548072192221a。请及时兑奖。<br>兑奖地址：贵州财经大学创业园-指尖科技(笃行楼B栋101-F)。','0','277','1417703960','10'), ('534','&lt;span class=&quot;label label-danger&quot;&gt;系统&lt;/span&gt;','你中奖了','你在抽奖活动中中了：三等奖。奖品：电脑维修服务大礼包（重装系统、修补WIFI等）。兑换码：evlR6825480742c22754。请及时兑奖。<br>兑奖地址：贵州财经大学创业园-指尖科技(笃行楼B栋101-F)。','0','279','1417704491','10'), ('535','&lt;span class=&quot;label label-danger&quot;&gt;系统&lt;/span&gt;','你中奖了','你在抽奖活动中中了：三等奖。奖品：电脑维修服务大礼包（重装系统、修补WIFI等）。兑换码：6T697oP5480761e628f7。请及时兑奖。<br>兑奖地址：贵州财经大学创业园-指尖科技(笃行楼B栋101-F)。','0','280','1417704989','10'), ('538','&lt;span class=&quot;label label-info&quot;&gt;留言&lt;/span&gt;','你有一条新留言','&lt;a href=&quot;/g/563.html&quot; class=&quot;text-orange&quot;&gt;Dell电脑 inspiron系列 i3处理器&lt;/a&gt;\r\n&amp;nbsp;已被&amp;nbsp;\r\n&lt;a href=&quot;/user/yo_yo.html&quot; class=&quot;text-orange&quot;&gt;@Yo_Yo&lt;/a&gt;\r\n&amp;nbsp;评论\r\n&lt;blockquote&gt;\r\n	&lt;p&gt;Yo_Yo&lt;/p&gt;\r\n	&lt;p&gt;i3都敢卖那么贵 不要吓我&lt;/p&gt;\r\n&lt;/blockquote&gt;\r\n&lt;button class=&quot;btn btn-primary replaybtn&quot; gid=&quot;563&quot; aid=&quot;152&quot; cid=&quot;352&quot;  data-toggle=&quot;modal&quot; data-target=&quot;#refModal&quot;&gt;回复评论&lt;/button&gt;','152','125','1417745857','10'), ('541','&lt;span class=&quot;label label-danger&quot;&gt;系统&lt;/span&gt;','你中奖了','你在抽奖活动中中了：参与奖。奖品：代金券0.1元。兑换码：cVPJGys5481163de8d59。请及时兑奖。<br>兑奖地址：贵州财经大学创业园-指尖科技(笃行楼B栋101-F)。<br><a href=\"/recharge.html\" class=\"btn btn-success\" target=\"_blak\">代金券兑换</a>','0','283','1417745981','10'), ('542','&lt;span class=&quot;label label-danger&quot;&gt;系统&lt;/span&gt;','你中奖了','你在抽奖活动中中了：六等奖。奖品：Q版钥匙保护套或精美书签或熊猫记账本。兑换码：lwr38Yu5481170cc9dcd。请及时兑奖。<br>兑奖地址：贵州财经大学创业园-指尖科技(笃行楼B栋101-F)。','0','284','1417746188','10'), ('544','&lt;span class=&quot;label label-danger&quot;&gt;系统&lt;/span&gt;','兑奖成功','你已成功兑换 &nbsp;<span class=\"text-orange\">二等奖</span>&nbsp;奖品：<span class=\"text-orange\">精美表情杯或精装礼盒钥匙扣</span>','0','251','1417752164','10'), ('545','&lt;span class=&quot;label label-danger&quot;&gt;系统&lt;/span&gt;','兑奖成功','你已成功兑换 &nbsp;<span class=\"text-orange\">六等奖</span>&nbsp;奖品：<span class=\"text-orange\">Q版钥匙保护套或精美书签或熊猫记账本</span>','0','250','1417752182','10'), ('546','&lt;span class=&quot;label label-danger&quot;&gt;系统&lt;/span&gt;','兑奖成功','你已成功兑换 &nbsp;<span class=\"text-orange\">四等奖</span>&nbsp;奖品：<span class=\"text-orange\">收纳盒或精美钥匙扣</span>','0','265','1417752230','10'), ('547','&lt;span class=&quot;label label-danger&quot;&gt;系统&lt;/span&gt;','兑奖成功','你已成功兑换 &nbsp;<span class=\"text-orange\">五等奖</span>&nbsp;奖品：<span class=\"text-orange\">创意洗漱杯或金属笔筒</span>','0','266','1417752239','10'), ('548','&lt;span class=&quot;label label-danger&quot;&gt;系统&lt;/span&gt;','兑奖成功','你已成功兑换 &nbsp;<span class=\"text-orange\">六等奖</span>&nbsp;奖品：<span class=\"text-orange\">Q版钥匙保护套或精美书签或熊猫记账本</span>','0','261','1417752251','10'), ('549','&lt;span class=&quot;label label-danger&quot;&gt;系统&lt;/span&gt;','兑奖成功','你已成功兑换 &nbsp;<span class=\"text-orange\">六等奖</span>&nbsp;奖品：<span class=\"text-orange\">Q版钥匙保护套或精美书签或熊猫记账本</span>','0','262','1417752267','10'), ('550','&lt;span class=&quot;label label-danger&quot;&gt;系统&lt;/span&gt;','兑奖成功','你已成功兑换 &nbsp;<span class=\"text-orange\">七等奖</span>&nbsp;奖品：<span class=\"text-orange\">deli铅笔一支</span>','0','215','1417752311','10'), ('551','&lt;span class=&quot;label label-danger&quot;&gt;系统&lt;/span&gt;','兑奖成功','你已成功兑换 &nbsp;<span class=\"text-orange\">六等奖</span>&nbsp;奖品：<span class=\"text-orange\">Q版钥匙保护套或精美书签或熊猫记账本</span>','0','213','1417752322','10'), ('552','&lt;span class=&quot;label label-danger&quot;&gt;系统&lt;/span&gt;','兑奖成功','你已成功兑换 &nbsp;<span class=\"text-orange\">五等奖</span>&nbsp;奖品：<span class=\"text-orange\">创意洗漱杯或金属笔筒</span>','0','211','1417752340','10'), ('553','&lt;span class=&quot;label label-danger&quot;&gt;系统&lt;/span&gt;','你中奖了','你在抽奖活动中中了：参与奖。奖品：代金券0.1元。兑换码：ZHrj9op54813046cee5f。请及时兑奖。<br>兑奖地址：贵州财经大学创业园-指尖科技(笃行楼B栋101-F)。<br><a href=\"/recharge.html\" class=\"btn btn-success\" target=\"_blak\">代金券兑换</a>','0','288','1417752646','10'), ('554','&lt;span class=&quot;label label-danger&quot;&gt;系统&lt;/span&gt;','你中奖了','你在抽奖活动中中了：三等奖。奖品：电脑维修服务大礼包（重装系统、修补WIFI等）。兑换码：3lSMK1a54813d5f770ec。请及时兑奖。<br>兑奖地址：贵州财经大学创业园-指尖科技(笃行楼B栋101-F)。','0','289','1417755998','10'), ('555','&lt;span class=&quot;label label-danger&quot;&gt;系统&lt;/span&gt;','你中奖了','你在抽奖活动中中了：七等奖。奖品：deli铅笔一支。兑换码：wCQv8T154814290877ed。请及时兑奖。<br>兑奖地址：贵州财经大学创业园-指尖科技(笃行楼B栋101-F)。','0','290','1417757327','10'), ('556','&lt;span class=&quot;label label-danger&quot;&gt;系统&lt;/span&gt;','你中奖了','你在抽奖活动中中了：参与奖。奖品：代金券0.1元。兑换码：rs7cIjf548144f4695d5。请及时兑奖。<br>兑奖地址：贵州财经大学创业园-指尖科技(笃行楼B栋101-F)。<br><a href=\"/recharge.html\" class=\"btn btn-success\" target=\"_blak\">代金券兑换</a>','0','291','1417757939','10'), ('557','&lt;span class=&quot;label label-danger&quot;&gt;系统&lt;/span&gt;','兑奖成功','你已成功兑换 &nbsp;<span class=\"text-orange\">七等奖</span>&nbsp;奖品：<span class=\"text-orange\">deli铅笔一支</span>','0','173','1417757993','10'), ('558','&lt;span class=&quot;label label-danger&quot;&gt;系统&lt;/span&gt;','兑奖成功','你已成功兑换 &nbsp;<span class=\"text-orange\">六等奖</span>&nbsp;奖品：<span class=\"text-orange\">Q版钥匙保护套或精美书签或熊猫记账本</span>','0','231','1417763228','10'), ('559','&lt;span class=&quot;label label-danger&quot;&gt;系统&lt;/span&gt;','兑奖成功','你已成功兑换 &nbsp;<span class=\"text-orange\">六等奖</span>&nbsp;奖品：<span class=\"text-orange\">Q版钥匙保护套或精美书签或熊猫记账本</span>','0','178','1417769848','10'), ('560','&lt;span class=&quot;label label-danger&quot;&gt;系统&lt;/span&gt;','兑奖成功','你已成功兑换 &nbsp;<span class=\"text-orange\">五等奖</span>&nbsp;奖品：<span class=\"text-orange\">创意洗漱杯或金属笔筒</span>','0','247','1417770507','10'), ('561','&lt;span class=&quot;label label-danger&quot;&gt;系统&lt;/span&gt;','兑奖成功','你已成功兑换 &nbsp;<span class=\"text-orange\">五等奖</span>&nbsp;奖品：<span class=\"text-orange\">创意洗漱杯或金属笔筒</span>','0','248','1417770524','10'), ('562','&lt;span class=&quot;label label-danger&quot;&gt;系统&lt;/span&gt;','兑奖成功','你已成功兑换 &nbsp;<span class=\"text-orange\">七等奖</span>&nbsp;奖品：<span class=\"text-orange\">deli铅笔一支</span>','0','249','1417770550','10'), ('563','&lt;span class=&quot;label label-info&quot;&gt;留言&lt;/span&gt;','你有一条新留言','&lt;a href=&quot;/g/602.html&quot; class=&quot;text-orange&quot;&gt;【全新!!!非二手!!!】L家棉被&lt;/a&gt;\r\n&amp;nbsp;已被&amp;nbsp;\r\n&lt;a href=&quot;/user/zero.html&quot; class=&quot;text-orange&quot;&gt;@zero&lt;/a&gt;\r\n&amp;nbsp;评论\r\n&lt;blockquote&gt;\r\n	&lt;p&gt;zero&lt;/p&gt;\r\n	&lt;p&gt;看着不错。就是贵了点&lt;/p&gt;\r\n&lt;/blockquote&gt;\r\n&lt;button class=&quot;btn btn-primary replaybtn&quot; gid=&quot;602&quot; aid=&quot;113&quot; cid=&quot;356&quot;  data-toggle=&quot;modal&quot; data-target=&quot;#refModal&quot;&gt;回复评论&lt;/button&gt;','113','271','1417780611','10'), ('564','&lt;span class=&quot;label label-danger&quot;&gt;系统&lt;/span&gt;','你中奖了','你在抽奖活动中中了：三等奖。奖品：电脑维修服务大礼包（重装系统、修补WIFI等）。兑换码：f6RbnBP5481b3fab31dc。请及时兑奖。<br>兑奖地址：贵州财经大学创业园-指尖科技(笃行楼B栋101-F)。','0','293','1417786361','10'), ('565','&lt;span class=&quot;label label-danger&quot;&gt;系统&lt;/span&gt;','你中奖了','你在抽奖活动中中了：参与奖。奖品：代金券0.1元。兑换码：nQxB4i75481bb5020146。请及时兑奖。<br>兑奖地址：贵州财经大学创业园-指尖科技(笃行楼B栋101-F)。<br><a href=\"/recharge.html\" class=\"btn btn-success\" target=\"_blak\">代金券兑换</a>','0','294','1417788239','10'), ('567','&lt;span class=&quot;label label-warning&quot;&gt;回复&lt;/span&gt;','你一有条回复信息','在&amp;nbsp;\r\n&lt;a href=&quot;/g/602.html&quot; class=&quot;text-orange&quot;&gt;【全新!!!非二手!!!】L家棉被&lt;/a&gt;\r\n&amp;nbsp;中被&amp;nbsp;\r\n&lt;a href=&quot;/user/zero.html&quot; class=&quot;text-orange&quot;&gt;@zero&lt;/a&gt;\r\n&amp;nbsp;回复\r\n&lt;blockquote&gt;\r\n	&lt;p&gt;zero&lt;/p&gt;\r\n	&lt;p&gt;哎 还好有暖气顶住啊&lt;/p&gt;\r\n&lt;/blockquote&gt;\r\n&lt;button class=&quot;btn btn-primary replaybtn&quot; gid=&quot;602&quot; aid=&quot;113&quot; cid=&quot;358&quot; data-toggle=&quot;modal&quot; data-target=&quot;#refModal&quot; &gt;回复评论&lt;/button&gt;','113','271','1417833734','10'), ('570','&lt;span class=&quot;label label-danger&quot;&gt;系统&lt;/span&gt;','你中奖了','你在抽奖活动中中了：参与奖。奖品：代金券0.1元。兑换码：mVV0eM954828942eb62d。请及时兑奖。<br>兑奖地址：贵州财经大学创业园-指尖科技(笃行楼B栋101-F)。<br><a href=\"/recharge.html\" class=\"btn btn-success\" target=\"_blak\">代金券兑换</a>','0','295','1417840962','10'), ('571','&lt;span class=&quot;label label-danger&quot;&gt;系统&lt;/span&gt;','你中奖了','你在抽奖活动中中了：参与奖。奖品：代金券0.1元。兑换码：iJTvZBD548289fa66cfd。请及时兑奖。<br>兑奖地址：贵州财经大学创业园-指尖科技(笃行楼B栋101-F)。<br><a href=\"/recharge.html\" class=\"btn btn-success\" target=\"_blak\">代金券兑换</a>','0','296','1417841145','10'), ('572','&lt;span class=&quot;label label-danger&quot;&gt;系统&lt;/span&gt;','你中奖了','你在抽奖活动中中了：六等奖。奖品：Q版钥匙保护套或精美书签或熊猫记账本。兑换码：DVqv9b05482f351432a4。请及时兑奖。<br>兑奖地址：贵州财经大学创业园-指尖科技(笃行楼B栋101-F)。','0','298','1417868112','10'), ('573','&lt;span class=&quot;label label-danger&quot;&gt;系统&lt;/span&gt;','你中奖了','你在抽奖活动中中了：六等奖。奖品：Q版钥匙保护套或精美书签或熊猫记账本。兑换码：HFysmnD5483213c9c769。请及时兑奖。<br>兑奖地址：贵州财经大学创业园-指尖科技(笃行楼B栋101-F)。','0','163','1417879867','10'), ('574','&lt;span class=&quot;label label-danger&quot;&gt;系统&lt;/span&gt;','你中奖了','你在抽奖活动中中了：五等奖。奖品：创意洗漱杯或金属笔筒。兑换码：ipJPLF4548437c9420c2。请及时兑奖。<br>兑奖地址：贵州财经大学创业园-指尖科技(笃行楼B栋101-F)。','0','299','1417951176','10'), ('575','&lt;span class=&quot;label label-danger&quot;&gt;系统&lt;/span&gt;','你中奖了','你在抽奖活动中中了：参与奖。奖品：代金券0.1元。兑换码：70Uxrrt548544cab9b5a。请及时兑奖。<br>兑奖地址：贵州财经大学创业园-指尖科技(笃行楼B栋101-F)。<br><a href=\"/recharge.html\" class=\"btn btn-success\" target=\"_blak\">代金券兑换</a>','0','301','1418020042','10'), ('576','&lt;span class=&quot;label label-danger&quot;&gt;系统&lt;/span&gt;','你中奖了','你在抽奖活动中中了：五等奖。奖品：创意洗漱杯或金属笔筒。兑换码：lpIkfL15485454ee84cc。请及时兑奖。<br>兑奖地址：贵州财经大学创业园-指尖科技(笃行楼B栋101-F)。','0','302','1418020174','10'), ('577','&lt;span class=&quot;label label-danger&quot;&gt;系统&lt;/span&gt;','你中奖了','你在抽奖活动中中了：六等奖。奖品：Q版钥匙保护套或精美书签或熊猫记账本。兑换码：waQHQ1T5485467c7941b。请及时兑奖。<br>兑奖地址：贵州财经大学创业园-指尖科技(笃行楼B栋101-F)。','0','304','1418020475','10'), ('578','&lt;span class=&quot;label label-danger&quot;&gt;系统&lt;/span&gt;','你中奖了','你在抽奖活动中中了：五等奖。奖品：创意洗漱杯或金属笔筒。兑换码：HHEHLAf548546d659f77。请及时兑奖。<br>兑奖地址：贵州财经大学创业园-指尖科技(笃行楼B栋101-F)。','0','303','1418020565','10'), ('579','&lt;span class=&quot;label label-danger&quot;&gt;系统&lt;/span&gt;','你中奖了','你在抽奖活动中中了：参与奖。奖品：代金券0.1元。兑换码：C8rDn0n548547775f12d。请及时兑奖。<br>兑奖地址：贵州财经大学创业园-指尖科技(笃行楼B栋101-F)。<br><a href=\"/recharge.html\" class=\"btn btn-success\" target=\"_blak\">代金券兑换</a>','0','305','1418020726','10'), ('580','&lt;span class=&quot;label label-danger&quot;&gt;系统&lt;/span&gt;','你中奖了','你在抽奖活动中中了：参与奖。奖品：代金券0.1元。兑换码：VREI8Yw548547ea33192。请及时兑奖。<br>兑奖地址：贵州财经大学创业园-指尖科技(笃行楼B栋101-F)。<br><a href=\"/recharge.html\" class=\"btn btn-success\" target=\"_blak\">代金券兑换</a>','0','307','1418020841','10'), ('581','&lt;span class=&quot;label label-danger&quot;&gt;系统&lt;/span&gt;','你中奖了','你在抽奖活动中中了：参与奖。奖品：代金券0.1元。兑换码：MJ4LkCx548548784a375。请及时兑奖。<br>兑奖地址：贵州财经大学创业园-指尖科技(笃行楼B栋101-F)。<br><a href=\"/recharge.html\" class=\"btn btn-success\" target=\"_blak\">代金券兑换</a>','0','309','1418020983','10'), ('582','&lt;span class=&quot;label label-danger&quot;&gt;系统&lt;/span&gt;','你中奖了','你在抽奖活动中中了：五等奖。奖品：创意洗漱杯或金属笔筒。兑换码：q9mjhKa548548d277f87。请及时兑奖。<br>兑奖地址：贵州财经大学创业园-指尖科技(笃行楼B栋101-F)。','0','310','1418021073','10'), ('583','&lt;span class=&quot;label label-danger&quot;&gt;系统&lt;/span&gt;','你中奖了','你在抽奖活动中中了：六等奖。奖品：Q版钥匙保护套或精美书签或熊猫记账本。兑换码：l5XnFbH548548ee77605。请及时兑奖。<br>兑奖地址：贵州财经大学创业园-指尖科技(笃行楼B栋101-F)。','0','308','1418021101','10'), ('584','&lt;span class=&quot;label label-danger&quot;&gt;系统&lt;/span&gt;','兑奖成功','你已成功兑换 &nbsp;<span class=\"text-orange\">六等奖</span>&nbsp;奖品：<span class=\"text-orange\">Q版钥匙保护套或精美书签或熊猫记账本</span>','0','304','1418028955','10'), ('585','&lt;span class=&quot;label label-danger&quot;&gt;系统&lt;/span&gt;','兑奖成功','你已成功兑换 &nbsp;<span class=\"text-orange\">五等奖</span>&nbsp;奖品：<span class=\"text-orange\">创意洗漱杯或金属笔筒</span>','0','302','1418029044','10'), ('586','&lt;span class=&quot;label label-danger&quot;&gt;系统&lt;/span&gt;','兑奖成功','你已成功兑换 &nbsp;<span class=\"text-orange\">五等奖</span>&nbsp;奖品：<span class=\"text-orange\">创意洗漱杯或金属笔筒</span>','0','303','1418029056','10'), ('587','&lt;span class=&quot;label label-danger&quot;&gt;系统&lt;/span&gt;','兑奖成功','你已成功兑换 &nbsp;<span class=\"text-orange\">六等奖</span>&nbsp;奖品：<span class=\"text-orange\">Q版钥匙保护套或精美书签或熊猫记账本</span>','0','308','1418029103','10'), ('588','&lt;span class=&quot;label label-danger&quot;&gt;系统&lt;/span&gt;','兑奖成功','你已成功兑换 &nbsp;<span class=\"text-orange\">五等奖</span>&nbsp;奖品：<span class=\"text-orange\">创意洗漱杯或金属笔筒</span>','0','310','1418029121','10'), ('589','&lt;span class=&quot;label label-danger&quot;&gt;系统&lt;/span&gt;','兑奖成功','你已成功兑换 &nbsp;<span class=\"text-orange\">七等奖</span>&nbsp;奖品：<span class=\"text-orange\">deli铅笔一支</span>','0','216','1418029305','10'), ('590','&lt;span class=&quot;label label-danger&quot;&gt;系统&lt;/span&gt;','兑奖成功','你已成功兑换 &nbsp;<span class=\"text-orange\">三等奖</span>&nbsp;奖品：<span class=\"text-orange\">电脑维修服务大礼包（重装系统、修补WIFI等）</span>','0','276','1418029478','10'), ('591','&lt;span class=&quot;label label-danger&quot;&gt;系统&lt;/span&gt;','兑奖成功','你已成功兑换 &nbsp;<span class=\"text-orange\">三等奖</span>&nbsp;奖品：<span class=\"text-orange\">电脑维修服务大礼包（重装系统、修补WIFI等）</span>','0','277','1418029585','10'), ('594','&lt;span class=&quot;label label-danger&quot;&gt;系统&lt;/span&gt;','你中奖了','你在抽奖活动中中了：参与奖。奖品：代金券0.1元。兑换码：NjxmwAb548570e863467。请及时兑奖。<br>兑奖地址：贵州财经大学创业园-指尖科技(笃行楼B栋101-F)。<br><a href=\"/recharge.html\" class=\"btn btn-success\" target=\"_blak\">代金券兑换</a>','0','311','1418031335','10'), ('595','&lt;span class=&quot;label label-danger&quot;&gt;系统&lt;/span&gt;','你中奖了','你在抽奖活动中中了：参与奖。奖品：代金券0.1元。兑换码：13YHinW548573d6e54af。请及时兑奖。<br>兑奖地址：贵州财经大学创业园-指尖科技(笃行楼B栋101-F)。<br><a href=\"/recharge.html\" class=\"btn btn-success\" target=\"_blak\">代金券兑换</a>','0','312','1418032086','10'), ('596','&lt;span class=&quot;label label-danger&quot;&gt;系统&lt;/span&gt;','你中奖了','你在抽奖活动中中了：七等奖。奖品：deli铅笔一支。兑换码：8HOFypp548575a636e41。请及时兑奖。<br>兑奖地址：贵州财经大学创业园-指尖科技(笃行楼B栋101-F)。','0','313','1418032549','10'), ('597','&lt;span class=&quot;label label-danger&quot;&gt;系统&lt;/span&gt;','你中奖了','你在抽奖活动中中了：三等奖。奖品：电脑维修服务大礼包（重装系统、修补WIFI等）。兑换码：PxFC3Uy548576ce6a518。请及时兑奖。<br>兑奖地址：贵州财经大学创业园-指尖科技(笃行楼B栋101-F)。','0','314','1418032845','10'), ('598','&lt;span class=&quot;label label-warning&quot;&gt;回复&lt;/span&gt;','你一有条回复信息','在&amp;nbsp;\r\n&lt;a href=&quot;/g/569.html&quot; class=&quot;text-orange&quot;&gt;实战突击:ASP.NET 项目开发案例整合 &lt;/a&gt;\r\n&amp;nbsp;中被&amp;nbsp;\r\n&lt;a href=&quot;/user/nener.html&quot; class=&quot;text-orange&quot;&gt;@NENER&lt;/a&gt;\r\n&amp;nbsp;回复\r\n&lt;blockquote&gt;\r\n	&lt;p&gt;NENER&lt;/p&gt;\r\n	&lt;p&gt; 你看你出多少&lt;/p&gt;\r\n&lt;/blockquote&gt;\r\n&lt;button class=&quot;btn btn-primary replaybtn&quot; gid=&quot;569&quot; aid=&quot;119&quot; cid=&quot;362&quot; data-toggle=&quot;modal&quot; data-target=&quot;#refModal&quot; &gt;回复评论&lt;/button&gt;','119','152','1418106618','10'), ('600','&lt;span class=&quot;label label-danger&quot;&gt;系统&lt;/span&gt;','你中奖了','你在抽奖活动中中了：参与奖。奖品：代金券0.1元。兑换码：AubbDxw5487051bed212。请及时兑奖。<br>兑奖地址：贵州财经大学创业园-指尖科技(笃行楼B栋101-F)。<br><a href=\"/recharge.html\" class=\"btn btn-success\" target=\"_blak\">代金券兑换</a>','0','315','1418134811','10'), ('605','&lt;span class=&quot;label label-warning&quot;&gt;回复&lt;/span&gt;','你一有条回复信息','在&amp;nbsp;\r\n&lt;a href=&quot;/g/602.html&quot; class=&quot;text-orange&quot;&gt;【全新!!!非二手!!!】L家棉被&lt;/a&gt;\r\n&amp;nbsp;中被&amp;nbsp;\r\n&lt;a href=&quot;/user/553632472atqq_com.html&quot; class=&quot;text-orange&quot;&gt;@553632472atqq_com&lt;/a&gt;\r\n&amp;nbsp;回复\r\n&lt;blockquote&gt;\r\n	&lt;p&gt;553632472atqq_com&lt;/p&gt;\r\n	&lt;p&gt;行，线上线下都可以。&lt;/p&gt;\r\n&lt;/blockquote&gt;\r\n&lt;button class=&quot;btn btn-primary replaybtn&quot; gid=&quot;602&quot; aid=&quot;271&quot; cid=&quot;368&quot; data-toggle=&quot;modal&quot; data-target=&quot;#refModal&quot; &gt;回复评论&lt;/button&gt;','271','315','1418272408','10'), ('608','&lt;span class=&quot;label label-warning&quot;&gt;回复&lt;/span&gt;','你一有条回复信息','在&amp;nbsp;\r\n&lt;a href=&quot;/g/608.html&quot; class=&quot;text-orange&quot;&gt;实物拍摄 男女通用校园文艺复古车 详情面谈&lt;/a&gt;\r\n&amp;nbsp;中被&amp;nbsp;\r\n&lt;a href=&quot;/user/398298004atqq_com.html&quot; class=&quot;text-orange&quot;&gt;@398298004atqq_com&lt;/a&gt;\r\n&amp;nbsp;回复\r\n&lt;blockquote&gt;\r\n	&lt;p&gt;398298004atqq_com&lt;/p&gt;\r\n	&lt;p&gt;同学您好，这辆自行车原价带配件1600+，如您需要我可附有价格的相关信息，此外，车辆保持尚完好，&lt;/p&gt;\r\n&lt;/blockquote&gt;\r\n&lt;button class=&quot;btn btn-primary replaybtn&quot; gid=&quot;608&quot; aid=&quot;300&quot; cid=&quot;371&quot; data-toggle=&quot;modal&quot; data-target=&quot;#refModal&quot; &gt;回复评论&lt;/button&gt;','300','196','1418443419','10'), ('609','&lt;span class=&quot;label label-warning&quot;&gt;回复&lt;/span&gt;','你一有条回复信息','在&amp;nbsp;\r\n&lt;a href=&quot;/g/608.html&quot; class=&quot;text-orange&quot;&gt;实物拍摄 男女通用校园文艺复古车 详情面谈&lt;/a&gt;\r\n&amp;nbsp;中被&amp;nbsp;\r\n&lt;a href=&quot;/user/398298004atqq_com.html&quot; class=&quot;text-orange&quot;&gt;@398298004atqq_com&lt;/a&gt;\r\n&amp;nbsp;回复\r\n&lt;blockquote&gt;\r\n	&lt;p&gt;398298004atqq_com&lt;/p&gt;\r\n	&lt;p&gt;所以卖家出于自身情况考虑先喊出1000尚觉不过分，如同学真有诚意需要，详细情况可面议&lt;/p&gt;\r\n&lt;/blockquote&gt;\r\n&lt;button class=&quot;btn btn-primary replaybtn&quot; gid=&quot;608&quot; aid=&quot;300&quot; cid=&quot;372&quot; data-toggle=&quot;modal&quot; data-target=&quot;#refModal&quot; &gt;回复评论&lt;/button&gt;','300','196','1418443488','10'), ('615','&lt;span class=&quot;label label-warning&quot;&gt;回复&lt;/span&gt;','你一有条回复信息','在&amp;nbsp;\r\n&lt;a href=&quot;/g/609.html&quot; class=&quot;text-orange&quot;&gt;复古做旧皮包 实物拍摄 轻微瑕疵 有的商量&lt;/a&gt;\r\n&amp;nbsp;中被&amp;nbsp;\r\n&lt;a href=&quot;/user/398298004atqq_com.html&quot; class=&quot;text-orange&quot;&gt;@398298004atqq_com&lt;/a&gt;\r\n&amp;nbsp;回复\r\n&lt;blockquote&gt;\r\n	&lt;p&gt;398298004atqq_com&lt;/p&gt;\r\n	&lt;p&gt;摸起来更不错&lt;/p&gt;\r\n&lt;/blockquote&gt;\r\n&lt;button class=&quot;btn btn-primary replaybtn&quot; gid=&quot;609&quot; aid=&quot;300&quot; cid=&quot;378&quot; data-toggle=&quot;modal&quot; data-target=&quot;#refModal&quot; &gt;回复评论&lt;/button&gt;','300','151','1418613803','10'), ('619','&lt;span class=&quot;label label-danger&quot;&gt;系统&lt;/span&gt;','你中奖了','你在抽奖活动中中了：四等奖。奖品：收纳盒或精美钥匙扣。兑换码：iOcuM7B549011a39cc0b。请及时兑奖。<br>兑奖地址：贵州财经大学创业园-指尖科技(笃行楼B栋101-F)。','0','316','1418727843','10'), ('620','&lt;span class=&quot;label label-info&quot;&gt;留言&lt;/span&gt;','你有一条新留言','&lt;a href=&quot;/g/611.html&quot; class=&quot;text-orange&quot;&gt;【尤麦全新羽绒服】&lt;/a&gt;\r\n&amp;nbsp;已被&amp;nbsp;\r\n&lt;a href=&quot;/user/nener.html&quot; class=&quot;text-orange&quot;&gt;@NENER&lt;/a&gt;\r\n&amp;nbsp;评论\r\n&lt;blockquote&gt;\r\n	&lt;p&gt;NENER&lt;/p&gt;\r\n	&lt;p&gt;看起来不错诶&lt;/p&gt;\r\n&lt;/blockquote&gt;\r\n&lt;button class=&quot;btn btn-primary replaybtn&quot; gid=&quot;611&quot; aid=&quot;119&quot; cid=&quot;382&quot;  data-toggle=&quot;modal&quot; data-target=&quot;#refModal&quot;&gt;回复评论&lt;/button&gt;','119','316','1418731135','10'), ('628','&lt;span class=&quot;label label-warning&quot;&gt;回复&lt;/span&gt;','你一有条回复信息','在&amp;nbsp;\r\n&lt;a href=&quot;/g/574.html&quot; class=&quot;text-orange&quot;&gt;彩阳电热毯&lt;/a&gt;\r\n&amp;nbsp;中被&amp;nbsp;\r\n&lt;a href=&quot;/user/安静的孩纸.html&quot; class=&quot;text-orange&quot;&gt;@安静的孩纸&lt;/a&gt;\r\n&amp;nbsp;回复\r\n&lt;blockquote&gt;\r\n	&lt;p&gt;安静的孩纸&lt;/p&gt;\r\n	&lt;p&gt;额。全新的哇&lt;/p&gt;\r\n&lt;/blockquote&gt;\r\n&lt;button class=&quot;btn btn-primary replaybtn&quot; gid=&quot;574&quot; aid=&quot;150&quot; cid=&quot;390&quot; data-toggle=&quot;modal&quot; data-target=&quot;#refModal&quot; &gt;回复评论&lt;/button&gt;','150','152','1419234026','10'), ('631','&lt;span class=&quot;label label-danger&quot;&gt;系统&lt;/span&gt;','兑奖成功','你已成功兑换 &nbsp;<span class=\"text-orange\">参与奖</span>&nbsp;奖品：<span class=\"text-orange\">代金券0.1元</span>','0','311','1426473609','10'), ('632','&lt;span class=&quot;label label-danger&quot;&gt;系统&lt;/span&gt;','兑奖成功','你已成功兑换 &nbsp;<span class=\"text-orange\">参与奖</span>&nbsp;奖品：<span class=\"text-orange\">代金券0.1元</span>','0','312','1426473620','10'), ('633','&lt;span class=&quot;label label-danger&quot;&gt;系统&lt;/span&gt;','兑奖成功','你已成功兑换 &nbsp;<span class=\"text-orange\">参与奖</span>&nbsp;奖品：<span class=\"text-orange\">代金券0.1元</span>','0','309','1426473626','10'), ('634','&lt;span class=&quot;label label-danger&quot;&gt;系统&lt;/span&gt;','兑奖成功','你已成功兑换 &nbsp;<span class=\"text-orange\">参与奖</span>&nbsp;奖品：<span class=\"text-orange\">代金券0.1元</span>','0','307','1426473631','10'), ('635','&lt;span class=&quot;label label-danger&quot;&gt;系统&lt;/span&gt;','兑奖成功','你已成功兑换 &nbsp;<span class=\"text-orange\">四等奖</span>&nbsp;奖品：<span class=\"text-orange\">收纳盒或精美钥匙扣</span>','0','316','1426473634','10'), ('636','&lt;span class=&quot;label label-danger&quot;&gt;系统&lt;/span&gt;','兑奖成功','你已成功兑换 &nbsp;<span class=\"text-orange\">参与奖</span>&nbsp;奖品：<span class=\"text-orange\">代金券0.1元</span>','0','315','1426473636','10'), ('637','&lt;span class=&quot;label label-danger&quot;&gt;系统&lt;/span&gt;','兑奖成功','你已成功兑换 &nbsp;<span class=\"text-orange\">三等奖</span>&nbsp;奖品：<span class=\"text-orange\">电脑维修服务大礼包（重装系统、修补WIFI等）</span>','0','314','1426473638','10'), ('638','&lt;span class=&quot;label label-danger&quot;&gt;系统&lt;/span&gt;','兑奖成功','你已成功兑换 &nbsp;<span class=\"text-orange\">七等奖</span>&nbsp;奖品：<span class=\"text-orange\">deli铅笔一支</span>','0','313','1426473639','10');
INSERT INTO `prize_config` VALUES ('3','1','一等奖','331','359','1','1','代金券100','1','10'), ('4','2','二等奖','271','299','6','4','精美表情杯或精装礼盒钥匙扣','12','10'), ('5','3','三等奖','211','239','150','121','电脑维修服务大礼包（重装系统、修补WIFI等）','100','10'), ('6','4','四等奖','151','179','11','7','收纳盒或精美钥匙扣','16','10'), ('7','5','五等奖','91','119','35','24','创意洗漱杯或金属笔筒','60','10'), ('8','6','六等奖','61','89','60','33','Q版钥匙保护套或精美书签或熊猫记账本','70','10'), ('9','7','七等奖','31','59','50','36','deli铅笔一支','90','10'), ('10','8','参与奖','1,121,181,241,301','29,149,209,269,329','2000','1951','代金券0.1元','220','10');
INSERT INTO `prize_record` VALUES ('43','OOj3yBh547f0b53e6749','119','10','1417612115','1417612142','-1'), ('44','lExGPfu547f0b68899b2','120','10','1417612136','1417612179','-1'), ('45','6Sx1YsG547f0b8394270','113','5','1417612163','1417660818','-1'), ('46','ZzlWJG0547f0da61dac4','125','10','1417612710','1417613081','-1'), ('47','ubr2THD547f0dd0295e7','116','10','1417612752','1417612804','-1'), ('48','N2Z5MAt547f121f0e059','155','6','1417613855','0','10'), ('49','SRe1apK547f1940c84b6','152','8','1417615680','1417660808','-1'), ('50','MxXQkFE547f222428fc6','172','10','1417617956','0','10'), ('51','GYfZkz9547f23ecc9ae9','173','9','1417618412','1417757993','-1'), ('52','wGccE2Z547f24cb2e51d','165','7','1417618635','1417662320','-1'), ('53','cLpNpne547f26a98bc11','174','5','1417619113','0','10'), ('54','9ONT338547f27a206462','176','5','1417619362','0','10'), ('55','hHhL6Bu547f2865db67f','175','4','1417619557','1417671345','-1'), ('56','_Hfi3KJ547f286f0287d','178','8','1417619567','1417769848','-1'), ('57','TFP2pLO547f2893363de','177','8','1417619603','1417662365','-1'), ('58','grlWC0l547f294ab0c6d','180','5','1417619786','0','10'), ('59','fuXbvcp547f29533c288','181','10','1417619795','0','10'), ('60','n4iAyrZ547f2975e2131','179','10','1417619829','0','10'), ('61','Ji7CrI9547f29fb9f737','183','8','1417619963','1417662397','-1'), ('62','lMroGDY547f29ff0527f','184','5','1417619967','0','10'), ('63','2afexi3547f2a7bc2c8b','185','5','1417620091','0','10'), ('64','mLsTJ2y547f2afc825d4','189','10','1417620220','0','10'), ('65','mTmoD82547f2b0833b5b','187','10','1417620232','1417620265','-1'), ('66','661RY78547f2b4518a73','188','10','1417620293','0','10'), ('67','jX8RNLI547f2b89b44bf','190','9','1417620361','0','10'), ('68','4IoWMlh547f2dda4e25a','193','10','1417620954','0','10'), ('69','Ah6K_Bq547f314c31c0d','194','10','1417621836','0','10'), ('70','ZJfUKz0547f36c6a1417','198','10','1417623238','0','10'), ('71','IIX8XfH547fcc584a8f9','199','9','1417661528','0','10'), ('72','16aBEOA547fd029b8d40','201','10','1417662505','1417664211','-1'), ('73','gilccaZ547fd08f24b73','200','9','1417662607','0','10'), ('74','c7VjxDN547fdc720ea03','204','10','1417665650','1417665682','-1'), ('75','zThCeLQ547fe0cd98cb1','205','10','1417666765','0','10'), ('76','2h1XBXD547fe391608f3','206','10','1417667473','0','10'), ('77','3LOb9P0547fe84e06cb9','207','10','1417668686','0','10'), ('78','TTVo9aG547fefe9e8f04','170','5','1417670633','0','10'), ('79','OrcXnSY547ff0300e633','208','9','1417670704','0','10'), ('80','NZ1dbED547ffbbeb6a21','210','6','1417673662','0','10'), ('81','mW2qH8D548002abf12e2','211','7','1417675435','1417752340','-1'), ('82','xT3k0HS54800396e1e65','212','7','1417675670','0','10'), ('83','ZwXHRsy54800419b3e24','213','8','1417675801','1417752323','-1'), ('84','0R96g9l54800648d2c2e','215','9','1417676360','1417752312','-1'), ('85','USvP6Ti548007bfd26f7','216','9','1417676735','1418029305','-1'), ('86','PCVgSFJ548008bbc7fd0','218','9','1417676987','0','10'), ('87','wrjLzdd548008c00a713','217','10','1417676992','0','10'), ('88','GscWzHP5480091c5a490','220','10','1417677084','0','10'), ('89','qxRKgq054800a615c92f','221','5','1417677409','0','10'), ('90','avcS9Nt54800aefdf2b4','222','8','1417677551','1417683240','-1'), ('91','vTj3cup54800c5f0dbdd','224','10','1417677919','0','10'), ('92','LXBb_Sc54800c82a9041','225','8','1417677954','1417683275','-1'), ('93','o2k8AHJ54800ca2a85cf','223','9','1417677986','0','10'), ('94','gff5TA854800d97300f1','226','5','1417678231','0','10'), ('95','GSdxRDJ54800fead8d13','227','5','1417678826','0','10'), ('96','RCxNZnn54801139d5b1c','229','9','1417679161','1417683579','-1'), ('97','iF_7zbh548011e8bca8c','228','10','1417679336','0','10'), ('98','Wm0q3sS548011f4caf37','231','8','1417679348','1417763229','-1'), ('99','9gI_A0z548013daa0d83','232','10','1417679834','0','10'), ('100','gd_4G6V5480144eb5942','234','9','1417679950','0','10'), ('101','MVFYPpe5480146c1f90a','233','5','1417679980','0','10'), ('102','Jvsv5u15480159445c38','235','5','1417680276','0','10'), ('103','xkktF8O548016fa553f0','236','10','1417680634','0','10'), ('104','z_onTv_54801c9c04cb1','124','10','1417682076','0','10'), ('105','_nQOFQm54801d0c7d82f','237','8','1417682188','0','10'), ('106','svgOjEF548021ffdf680','238','5','1417683455','0','10'), ('107','rJ9Ky2W5480233fbc567','123','5','1417683775','0','10'), ('108','bTjHQMo548023c5e1850','239','10','1417683909','1417685388','-1'), ('109','Pg_VWKu5480241fdc922','240','8','1417683999','1417684392','-1'), ('110','U4RPjoI548024c83c917','242','10','1417684168','1417685274','-1'), ('111','ZmKTU6E548025432106a','243','8','1417684291','1417684395','-1'), ('112','WBkkl1754802a077459d','244','7','1417685511','0','10'), ('113','zAvjhDT548043cd43ee4','245','8','1417692109','0','10'), ('114','t5BXRZu548046b1323c4','246','8','1417692849','0','10'), ('115','Rpm8qb554804fe8acc42','247','7','1417695208','1417770507','-1'), ('116','AIeRU1P548050c72bf3c','248','7','1417695431','1417770524','-1'), ('117','T29neIU54805171bd5df','249','9','1417695601','1417770550','-1'), ('118','HjgT9yR5480522d69821','250','8','1417695789','1417752183','-1'), ('119','kHcnrFT54805334bcc03','251','4','1417696052','1417752164','-1'), ('120','pz2dSBu5480545582a06','252','5','1417696341','0','10'), ('121','RTThrAz548054f8bc830','253','10','1417696504','0','10'), ('122','Gw8HZiV5480556fac0e2','254','5','1417696623','0','10'), ('123','6Ppwrqv548056f4e5fd3','256','10','1417697012','0','10'), ('124','pievTaY548057927d9d7','257','10','1417697170','0','10'), ('125','ciNNaUh5480579b45b9a','258','5','1417697179','0','10'), ('126','bjapE3Y54805838b5390','259','10','1417697336','0','10'), ('127','vPhwtzo5480586e660b7','255','10','1417697390','0','10'), ('128','WQvDArs5480592f1fb64','261','8','1417697583','1417752251','-1'), ('129','Ce2VqsD54805acd52649','262','8','1417697997','1417752267','-1'), ('130','u9QFW2E54805b6bc90d2','263','10','1417698155','0','10'), ('131','eHUDLLl54805bf24f33e','264','10','1417698290','0','10'), ('132','LMjd7yH54805c7d0447c','265','6','1417698429','1417752230','-1'), ('133','koPxWtE54805de16f9e4','266','7','1417698785','1417752239','-1'), ('134','xb90S025480602f44920','267','5','1417699375','0','10'), ('135','_C3YNze548061a94dc7f','191','5','1417699753','0','10'), ('136','xgWKy33548063370ce1e','270','10','1417700151','0','10'), ('137','1O2sFaT5480642b38572','271','5','1417700395','0','10'), ('138','z5YKKxg5480645135ae1','272','5','1417700433','0','10'), ('139','AXGRl6C54806d51c0231','274','10','1417702737','0','10'), ('140','uGdN1kG54806e9ddf82a','275','5','1417703069','0','10'), ('141','Ts9Qg1f54806f63216cd','276','5','1417703267','1418029478','-1'), ('142','dOcxBnV548072192221a','277','5','1417703961','1418029586','-1');
INSERT INTO `prize_record` VALUES ('143','evlR6825480742c22754','279','5','1417704492','0','10'), ('144','6T697oP5480761e628f7','280','5','1417704990','0','10'), ('145','yxgU6KO54807cbb93336','203','8','1417706683','1417837362','-1'), ('146','cVPJGys5481163de8d59','283','10','1417745981','0','10'), ('147','lwr38Yu5481170cc9dcd','284','8','1417746188','0','10'), ('148','ZHrj9op54813046cee5f','288','10','1417752646','0','10'), ('149','3lSMK1a54813d5f770ec','289','5','1417755999','0','10'), ('150','wCQv8T154814290877ed','290','9','1417757328','0','10'), ('151','rs7cIjf548144f4695d5','291','10','1417757940','0','10'), ('152','f6RbnBP5481b3fab31dc','293','5','1417786362','0','10'), ('153','nQxB4i75481bb5020146','294','10','1417788240','0','10'), ('154','mVV0eM954828942eb62d','295','10','1417840962','0','10'), ('155','iJTvZBD548289fa66cfd','296','10','1417841146','0','10'), ('156','DVqv9b05482f351432a4','298','8','1417868113','0','10'), ('157','HFysmnD5483213c9c769','163','8','1417879868','0','10'), ('158','ipJPLF4548437c9420c2','299','7','1417951177','0','10'), ('159','70Uxrrt548544cab9b5a','301','10','1418020042','0','10'), ('160','lpIkfL15485454ee84cc','302','7','1418020174','1418029044','-1'), ('161','waQHQ1T5485467c7941b','304','8','1418020476','1418028956','-1'), ('162','HHEHLAf548546d659f77','303','7','1418020566','1418029056','-1'), ('163','C8rDn0n548547775f12d','305','10','1418020727','0','10'), ('164','VREI8Yw548547ea33192','307','10','1418020842','1426473631','-1'), ('165','MJ4LkCx548548784a375','309','10','1418020984','1426473626','-1'), ('166','q9mjhKa548548d277f87','310','7','1418021074','1418029122','-1'), ('167','l5XnFbH548548ee77605','308','8','1418021102','1418029103','-1'), ('168','NjxmwAb548570e863467','311','10','1418031336','1426473610','-1'), ('169','13YHinW548573d6e54af','312','10','1418032086','1426473620','-1'), ('170','8HOFypp548575a636e41','313','9','1418032550','1426473640','-1'), ('171','PxFC3Uy548576ce6a518','314','5','1418032846','1426473638','-1'), ('172','AubbDxw5487051bed212','315','10','1418134811','1426473636','-1'), ('173','iOcuM7B549011a39cc0b','316','6','1418727843','1426473634','-1');
INSERT INTO `role` VALUES ('2','User','10'), ('100','Administrator','10');
INSERT INTO `settings` VALUES ('cookies','YWxpX2FwYWNoZV9pZD0xMC4yMTUuMTM0LjI3LjE0MTUwMDEwNTExNDguNDsgdW5pY2FyZDEudm09JnF1b3Q7SzFpU0wxNlNWOUV2RS9kU09HMVg1cDNGcFFKcmJOZXI5bTA4aDR6VzdQVlomcXVvdDs7IGNuYT1jTUxkRE4rRCsxd0NBVG9RUDZMYnprTHA7IG1vYmlsZVNlbmRUaW1lPS0xOyBjcmVkaWJsZU1vYmlsZVNlbmRUaW1lPS0xOyBjdHVNb2JpbGVTZW5kVGltZT0tMTsgcmlza01vYmlsZUJhbmtTZW5kVGltZT0tMTsgcmlza01vYmlsZUFjY291dFNlbmRUaW1lPS0xOyByaXNrTW9iaWxlQ3JlZGl0U2VuZFRpbWU9LTE7IHJpc2tDcmVkaWJsZU1vYmlsZVNlbmRUaW1lPS0xOyByaXNrT3JpZ2luYWxBY2NvdW50TW9iaWxlU2VuZFRpbWU9LTE7IGN0b2tlbj1yN29UbnJoVTFzYzNUR01yM2ZGWDBpK2xXVDRsOHE7IExvZ2luRm9ybT1hbGlwYXlfbG9naW5faG9tZTsgYWxpcGF5PSZxdW90O0sxaVNMMTZUZEhjMmRQeVlZTmtIYzNiZXhnUmJ1aUV2ZWo3Z2ZQeWRZcVpJOWpNU1NBPT0mcXVvdDs7IENMVUJfQUxJUEFZX0NPTT0yMDg4NzEyMTI5NzA0MDg3OyBpdy51c2VyaWQ9JnF1b3Q7SzFpU0wxNlRkSGMyZFB5WVlOa0hjdz09JnF1b3Q7OyBhbGlfYXBhY2hlX3RyYWNrdG1wPSZxdW90O3VpZD0yMDg4NzEyMTI5NzA0MDg3JnF1b3Q7OyB6b25lPVJaMDNCOyBzZXNzaW9uLmNvb2tpZU5hbWVJZD1BTElQQVlKU0VTU0lPTklEOyBBTElQQVlKU0VTU0lPTklEPVJaMDMybEY4Nm5hYk9RN01BNDdPSk9CYnBGS055VWF1dGhSWjAzR1owMA=='), ('regex','time-d.*?(?P<date>[\\d\\.]+).*?(?P<time>[\\d\\:]+).*?<a[^>]+>(?P<remark>[^<]+)\\D+(?P<tradeno>\\d+).*?<p[^>]+>.*?(?P<name>[^<\\s]+).*?\\+(?P<amount>[\\d\\.]+).*?<p>(?P<status>[^<]+)'), ('password','3aabf9da3e23179cbac4ed2a198ae486'), ('enabled','1');
INSERT INTO `status` VALUES ('-1','已删除'), ('0','临时记录'), ('1','待审核'), ('10','启用'), ('20','商品购买被冻结'), ('21','卖家已发货'), ('22','买家已收货'), ('30','商品举报被冻结'), ('40','用户下架商品'), ('50','管理员下架商品'), ('101','用户未激活');
INSERT INTO `user` VALUES ('2','Admin','F4081CFB64B39DCC1670CC54B87A187019F284AE','7AC0A71ED073A8AEDBD011A13CB5A4FD','TuEA9x441AVff0946b696eaf82e1e2d19d79a7251447474b299O1c7Nxvzik7','1417671073','I20M02Ti547ff1a13d2721.76653716',NULL,'大橘子管理员','男',NULL,'admin@bigoranger.com','10.00','0','0','0','100','4','1415672257','1415449710','1417671074',NULL,NULL,NULL,'10'), ('107','13984827751','306C9C5A5ECDC5FB49516BCEE0C52401','7AC0A71ED073A8AEDBD011A13CB5A4FD','36d21663c031e4b0434037ea13808d9dK2QKKulLqDO','0','',NULL,'wp','男',NULL,NULL,'10.00','0','0','99','2','0','1415375999','1414811535','0',NULL,NULL,NULL,'10'), ('113',NULL,'1CE22E505899117DA490A0BF53A367F75A156C87','49B4BBC8519EC9E44B288CEEED333A88C5489659','smzjTdoAlh83fe0f6566c5cf4a8387a9753b011fada1e6d7aa62iY6uHTcAa9','1421893281','9iIq23MB547e6feca68761.04726823','','zero','男','0000-00-00 00:00:00','zero@bigoranger.com','10.00','0','0','746','100','1','1421893285','1414813268','1421893496','2448273821',NULL,NULL,'10'), ('116',NULL,'C2FB51F3C0105F96A335CB8FE4D629A28DDBC08D','536C96FAF224E3EED8E31B6EE752FF77452AF45A','zNLmOQNMhqIa0cfc7e9124d6893870c2cd17d73b37d86c0ea1a5b3OwkbOWGH','1422582724','as03jHn5547ef463d56ea1.60759573','','cinwell','男','1993-05-30 00:00:00','leecinwell@qq.com','10.10','0','0','248','100','1','1422582733','1415064392','1422582747','',NULL,NULL,'10'), ('119','18798638561','4A647A213B82C1D0A3E0675D698DD2B2A8C119F9','8BE741384BE489F7B4714DF49D2E5522039BAABD','aDOzlVdLAcaa3742718900e06d988bb14bdfcf1de7aec89d6f5hnMOaft9VAI','1428152452','iHuW3E_L547e6f6395af90.77418717','','NENER','男','1993-01-01 00:00:00','714571611@qq.com','8.10','0','0','1390','100','1','1428152456','1415323701','1428320214','714571611',NULL,NULL,'10'), ('120','','8D3DAE2ABE04228E34DAA1D10269858411C33180','7AC0A71ED073A8AEDBD011A13CB5A4FD','0_otLMTGRY58017762f0fcfb0b2573811ccb70ce67281f0ccdbHOQG2V1Baun','1417612082','7AxJOaEc547f0b32883070.76976248','DLG','1004667450qqcom','男',NULL,'1004667450@qq.com','10.10','0','0','39','2','1','1415613854','1415425683','1417612083',NULL,NULL,NULL,'10'), ('123',NULL,'5186F68290D25518149918AC7952D2CC332F783B','856552668218CA44074C194A3DBB3E0FF0393BC0','de2ex3M2Clc6368820b9cd1d39e4f61e0c863dbf30b4652b2a75RPkDHybXc3','1420640678','FtO8hHgl54802333dcc353.02562549','龙廷艳','Christina','女','1993-11-27 00:00:00','l5469369@163.com','10.00','0','0','211','2','1','1420640682','1415588618','1420640679','947873095',NULL,NULL,'10'), ('124',NULL,'429CB4B1CBD09849BEA65A3C0886E83763AD1097','7AC0A71ED073A8AEDBD011A13CB5A4FD','jNqckEN7Qh8e3ad17f019090be55799b7ef05f8ff9d63b300cccnblQrnO9GT','1417608473','4QIy1QkB547efd19a320a7.85347078',NULL,'954481021qqcom','男',NULL,'954481021@qq.com','10.00','0','0','5','2','1','1417948659','1415614909','1417948656',NULL,NULL,NULL,'10'), ('125',NULL,'C0EBB691A1662AFD27D22EB219C0E0AE984F2AA4','7AC0A71ED073A8AEDBD011A13CB5A4FD','Z9HT3PscWY546d33aa4388f336d0a0e1c3fb78449b82d169b8c1OOIA2MRATz','1417671037','sKCvSd_0547ff17d0dcdc3.36709211','','Aileen','女','1991-11-12 00:00:00','jinxianaileen@163.com','9.10','0','0','57','2','5','1417660725','1415671197','1417683935','',NULL,NULL,'10'), ('149',NULL,'C3C4B0FB3014209960B77AD9C0C0A174D2FB40F8','7AC0A71ED073A8AEDBD011A13CB5A4FD','bUxoi6g9PeO68a7aa569cd1c86682075f333bf9361a727da851NRPlXZcnjJ7','0','',NULL,'614976970qqcom','男',NULL,'614976970@qq.com','10.00','0','0','1','2','1','1417413509','1415889235','0',NULL,NULL,NULL,'10'), ('150',NULL,'C58E30BDC97F1A0716CEAC9B9B2343BBB478C416','7AC0A71ED073A8AEDBD011A13CB5A4FD','D4L_F_vMI3s5e122ea58e8684f6591fd83f7f3eb4a2736b5a02_FazRFsIWRO','1417615277','KwxkB891547f17ad16b223.09533471','文济凤','安静的孩纸','女','1993-01-06 00:00:00','827234794@qq.com','10.00','0','0','60','2','1','1419233962','1415931166','1419233957','827234794',NULL,NULL,'10'), ('151',NULL,'86CDE62D24F1B5D3261501C847C7F5F4F43298EA','86CDE62D24F1B5D3261501C847C7F5F4F43298EA','RIKBoSlTARSe204f95672764c0ae49878b63ad4409f291b5c55W8EeVcaXMpO','1427896029','NC5GbUN1548108519100e3.39983876','','忧郁哥','男','0000-00-00 00:00:00','2847323205@qq.com','10.00','0','0','2','2','0','0','1415951968','1427896313','2847323205',NULL,NULL,'10'), ('152',NULL,'9FE96E478318604BD30B858F2DFB5A17CE98AC96','5AC20315A372A22248CC2C133E08FCC412684E30','S3NqGZOdHqQ14c940aba5ada897062f8a09446531bfbddabc0b5pdWg1WGIr1','1417572467','IgNcNXpp547e7073cd21a4.32674374','张同学','Yo_Yo','男','1992-10-28 00:00:00','2448273821@qq.com','10.00','0','0','391','2','1','1418527370','1416215151','1418527367','2448273821',NULL,NULL,'10'), ('153',NULL,'4C44C95494FDA756FAE7C3E82EE67982','7AC0A71ED073A8AEDBD011A13CB5A4FD','zpZL97FowDI094c06a0bea57f41d35ff8a0bab1727f986a5303tIr4ahXjup4','0','',NULL,'puxu1989qqcom','男',NULL,'puxu1989@qq.com','10.00','0','0','0','2','0','0','1416239561','0',NULL,NULL,NULL,'101'), ('154',NULL,'FCA7B4D5881857D10480ADC9422E8112E573D0C9','7AC0A71ED073A8AEDBD011A13CB5A4FD','oiDIBYsOlG_61b68783dec9908bef3bfa48a5218eb3f078a8a2zfmnMqH9aDc','0','',NULL,'1473220504qqcom','男',NULL,'1473220504@qq.com','10.00','0','0','3','2','1','1416734486','1416299556','0',NULL,NULL,NULL,'10'), ('155','','13721FC0AE11A35C55AC54FFB8F110DBB5F18820','33B7C8AEDC86109FEFD90BDA6A5D8106D680928E','QPsGv7AzGua0826e85159badc8a5ee3bfb84872f5196d19c3d4PZOuLuCmb2x','1425481226','gGhwhT2U547e84bb1575a1.92333077','','MrOne','男','0000-00-00 00:00:00','shuishiwo1992@163.com','10.00','0','0','41','2','1','1425481231','1416571245','1425481227','',NULL,NULL,'10'), ('156','15085974910','82417DB0FD21E754E0E2B476F4E0D15748EC39A4','82417DB0FD21E754E0E2B476F4E0D15748EC39A4','','0','','','擦','男',NULL,NULL,'10.00','0','0','0','2','0','0','1416629226','0',NULL,NULL,NULL,'10'), ('157','','52289F8B23A6682476AEF31984FB186C720382B5','52289F8B23A6682476AEF31984FB186C720382B5','WOH3Lffdg28b0d5e604d12f2529653cc10448732d30f2f74c1agls_ZZzTdSp','0','','','jimgreenleafqqcom','男',NULL,'jimgreenleaf@qq.com','10.00','0','0','2','2','1','1416664625','1416664420','0',NULL,NULL,NULL,'10'), ('158','15989013277','2B2FC74A4A5909F6535E4454BB91E4135CC69483','2B2FC74A4A5909F6535E4454BB91E4135CC69483','','0','','','lanis','男',NULL,NULL,'10.00','0','0','0','2','0','0','1416798609','0',NULL,NULL,NULL,'10'), ('159','','15C0952EDE0AD244005D9788FC2AF085492AB5BC','15C0952EDE0AD244005D9788FC2AF085492AB5BC','w6B4QtEpZL37215ef090a95f45cc808baad4700cf60dc0618528qxVwAxOBjU','0','','','233493287qqcom','男',NULL,'233493287@qq.com','10.00','0','0','0','2','0','0','1416799312','0',NULL,NULL,NULL,'101'), ('160','','E27557499419551CCC628BC81FD2494E274D5AAD','E27557499419551CCC628BC81FD2494E274D5AAD','1lQUkmYeK3J1159f059dd440d2a124c5602585a97203b33158a2DjEHIqJO2y','0','','','3794836732qqcom','男',NULL,'3794836732@qq.com','10.00','0','0','0','2','0','0','1416799388','0',NULL,NULL,NULL,'101'), ('161','','5362BDAAE03E4E972E6531A01A24C946CC9B6AEA','5362BDAAE03E4E972E6531A01A24C946CC9B6AEA','muMLrydBm8p39bd945feec48ec3a22a4d907c348502157ad849FSgnmPQ6SDr','0','','','368936493qqcom','男',NULL,'368936493@qq.com','10.00','0','0','0','2','0','0','1416799430','0',NULL,NULL,NULL,'101'), ('162','','84C7B2961548A5E2FCA4B7CC4A5C707E71305363','84C7B2961548A5E2FCA4B7CC4A5C707E71305363','TkPgS4IGPqye6f6200d878f03d6bcc74b8ecf61384d42b22101O4IRcqabnsO','0','','','1419342690atqq_com','男',NULL,'1419342690@qq.com','10.00','0','0','0','2','0','0','1416967668','0',NULL,NULL,NULL,'10'), ('163','','ED43823E60465C7D824806B1C2AC21498F344D5C','242227EDBEB3C190C474193E3BF607A7D4BAA401','HyUc7M0B22X0259eb8d4cd616126ac854e0461d1758f455cc6bnPGJtSHuB4I','1417879809','IrRmcoYG54832101809988.13551247','','stream','男','0000-00-00 00:00:00','1013729330@qq.com','10.00','0','0','1','2','1','1417075297','1417008723','1417879810','',NULL,NULL,'10'), ('164','','524F50F3E41F03D8D587CEF9D78130441F6D120A','524F50F3E41F03D8D587CEF9D78130441F6D120A','YiYCNgwl6hv0354e8287835899b32ec0a66eff06167c5074778iEIH6zrOr10','1417663001','AM8iGhm_VR6kB2td513380b71ba33ceab32a710bb132ffed0d05722aJV3KYFXuuOkzkcvP','DLG','QXNDLG','男','1992-09-15 00:00:00','qxndlg@163.com','10.00','0','0','8','2','1','1417416013','1417401691','0','1004667450',NULL,NULL,'10'), ('165','','4E85585B287B41372967DC5ADBCBD680B1CC6108','81620A3DA0254B685744A11A6D800AF93AF75D3D','Eh8NwLZBKyd3da85c27f6cb7278cfeb7d237757a664afbee097Hc5azKeI07I','1417618614','fWbmfwjI547f24b6492e04.00123457','555','DongZ','男','1999-11-11 00:00:00','1401736126@qq.com','10.00','0','0','7','2','1','1417691261','1417414015','1418113857','',NULL,NULL,'10'), ('169','','E3914C3FC18B36C153EBA7F17AC2EBC8199DE160','E3914C3FC18B36C153EBA7F17AC2EBC8199DE160','L3CuG0rO9zW8ce8218abcccd5e86f6ab3911acdc280f91cc3607quFvHCfoYT','1417577771','PIpE2HSl547e8544ec6980.34470217','','1542193215atqq_com','男',NULL,'1542193215@qq.com','0.00','0','0','1','2','1','1417577802','1417577771','1417577798','','','','10'), ('170','','9B0D7ECA71A5DB3C41591D57B36A73E002C5F4C9','9B0D7ECA71A5DB3C41591D57B36A73E002C5F4C9','6KSx1002UMsa6e0d70a75808057eac63f98e67939cc53718bdalwhixj80HsZ','1417604384','s1OOuJeB547eed606a85d6.00125200','李若愚','Canon','男','1992-12-07 00:00:00','lryer@msn.com','0.10','0','0','23','2','1','1419503244','1417604384','1419503184','534966320','','','10'), ('171','','FC6FC73ECE3F20986EB0BEE841280A3B2FB93F6B','FC6FC73ECE3F20986EB0BEE841280A3B2FB93F6B','yMT1ha2OcLX29a5345d9ffdb71fb713cb190dd6d4b34665a22aWAyJeeKOsCQ','1417612545','JOIA6ZCH547f0d12180678.04426363','','418571629atqq_com','男',NULL,'418571629@qq.com','0.00','0','0','1','2','0','0','1417612545','1417612563','','','','10'), ('172','','D45FADF5CD54FA9EC0EDE9C73AB3AA904404EEA8','D45FADF5CD54FA9EC0EDE9C73AB3AA904404EEA8','TccmPOj7RJ1ee7a697722853cbea8b24a46152771cf1f22db55BspbRysQCgU','1417617891','MXfInwZG547f21f534d8a2.17562700','','371990341atqq_com','男',NULL,'371990341@qq.com','0.00','0','0','6','2','1','1417617993','1417617891','1417618932','','','','10'), ('173','','54DA9881A5FD8AFF0F59FE2128CC8395F7A3EBDB','54DA9881A5FD8AFF0F59FE2128CC8395F7A3EBDB','Nul7GISyhIza0b84e4dac28a1390c1373d23a332b3668163bf8EIeKLomqxdc','1417618320','fu1oimkh547f23a4c2dab2.23205685','','Tenchol','男','0000-00-00 00:00:00','1067326472@qq.com','0.00','0','0','0','2','0','0','1417618320','1417618927','1067326472','','','10'), ('174','','96EAE809521516553CC1A25F8C609C5983E3BEE3','96EAE809521516553CC1A25F8C609C5983E3BEE3','krECiz6mxao568295df665307b3cd8787b14b22ac370c2d50a8rT3Qm6Xv4bw','1420438232','LuWVzti_547f267647aa89.37535065','','645560511atqq_com','男',NULL,'645560511@qq.com','0.00','0','0','1','2','1','1419565862','1417619052','1420438232','','','','10'), ('175','','BD923130D1D5401002311B10A40AC660973D1658','BD923130D1D5401002311B10A40AC660973D1658','NDmfbHpTWlacad4c761f7d47bede21a03c9114ef041b1ee9c4aVBd7nAHfpWU','1417619260','MuLIDQWO547f273f4fdf70.41987824','','无价之宝','男','0000-00-00 00:00:00','550938582@qq.com','0.00','0','0','68','2','1','1419145663','1417619260','1419145657','','','','10'), ('176','','C0F7AD840A2EB885EF37935874EFD8BBF4AD64CD','C0F7AD840A2EB885EF37935874EFD8BBF4AD64CD','fVGBTEEn6CO62e740b18d2e3c43bc5fe12fa69ff4922cbedcf4R3vKJuWVMr2','1417619309','Shsm4OGL547f276f20b308.85770341','','645560512atqq_com','男',NULL,'645560512@qq.com','0.00','0','0','0','2','0','0','1417619309','1417619342','','','','10'), ('177','','3217C9C1D42E8D9CE04ECB5A559DAE781A42337C','3217C9C1D42E8D9CE04ECB5A559DAE781A42337C','0aK0KoYpb3rd3ed6bbb93a41448a048d93689b10bc4f84739e3YiG89mlti9E','1417619361','Dp_BgdsJ547f280181a184.33195975','','1013388210atqq_com','男',NULL,'1013388210@qq.com','0.00','0','0','0','2','0','0','1417619361','1417666688','','','','10'), ('178','','ADB6D55536F44115B71D157482B91A31F27C7AF4','ADB6D55536F44115B71D157482B91A31F27C7AF4','vB_HchQrI7K32c9841722dc47b15d69a9f6bdf4b5f67bdccbb5EXCmi3nmIii','1417619485','hDtQ1NwO547f28218d7a65.18742204','','645560513atqq_com','男',NULL,'645560513@qq.com','0.00','0','0','0','2','0','0','1417619413','1417619556','','','','10'), ('179','','BF49E035A0548DDB733ED344642C38C622345453','BF49E035A0548DDB733ED344642C38C622345453','E5N6rebdZaud19c2f53721169201babba04eabe5c9846f68385PrAQ52Fju0h','1417619601','zd2j6dlP547f28977ee3a8.82200138','','894436753atqq_com','女','0000-00-00 00:00:00','894436753@qq.com','0.00','0','0','3','2','2','1417661773','1417619601','1417661770','','','','10'), ('180','','69E162868DFA900312148E9CAF7398CB47704B52','69E162868DFA900312148E9CAF7398CB47704B52','fEOk_mn15tN9067379d7d29656f9a7d18459515cccaf3fe1cdcxOhfkFlOsjQ','1417619691','vVn8JFgI547f28eeda9bf7.98244638','','393589283atqq_com','男',NULL,'393589283@qq.com','0.00','0','0','0','2','0','0','1417619691','1417619773','','','','10'), ('181','','F01EF67B8B402B171BB3F346A6A60DEDCA69325B','F01EF67B8B402B171BB3F346A6A60DEDCA69325B','HWifLyhuWf16b8f669e30e666a900c934c1a0221d0f381f8e9bGaqpdOSBavr','1417619705','2IDZtIpQ547f28fdb16492.16828084','','645560514atqq_com','男',NULL,'645560514@qq.com','0.00','0','0','0','2','0','0','1417619705','1417619782','','','','10'), ('182','','399D08B9E1837BC95636FBB4D30D39440D08804D','399D08B9E1837BC95636FBB4D30D39440D08804D','UeR1jjGF34O410d0139b92b49565eea2cf18fd68de1fb52184emybj5IOE57N','1417619939','cTBeiVOVNixdf9313623c252e8e6807e36793d0e7a5bbd6c419T6N_WlVjTFP','','645560515atqq_com','男',NULL,'645560515@qq.com','0.00','0','0','0','2','0','0','1417619828','1417620093','','','','101'), ('183','','71AD56C0BA5DACE463DAF438FE6B0C0E0C5F011F','71AD56C0BA5DACE463DAF438FE6B0C0E0C5F011F','HzbCUjSclHw5c22b4e17c5f02dde3f429a81ba7ce7172001f90eZoeEoX_BCb','1417619829','Utmpf2N8547f29e1dfdaf5.23130377','','985094610atqq_com','男',NULL,'985094610@qq.com','0.00','0','0','0','2','0','0','1417619829','1417619954','','','','10'), ('184','','52D9B6FFC926B892BEC08C7F876D281AAA22D601','52D9B6FFC926B892BEC08C7F876D281AAA22D601','PoKOfq3tih9b94f0b4a1890c2b40b00abd29b5626239edd021bN9qvFDGW28X','1417619918','AQfRJxw1547f29d8740091.62881829','','2870608537atqq_com','男',NULL,'2870608537@qq.com','0.00','0','0','0','2','0','0','1417619843','1417619955','','','','10'), ('185','','D5CF79C253CA77954AEB94DE1C4237D7F6F1D099','D5CF79C253CA77954AEB94DE1C4237D7F6F1D099','r4XjwwVEzNz5be53fb9a54f60e584a282da308eadf1d2cd9dedBygMlAnzi9O','1417619955','Ro7g6st0547f29f643a0b2.90455734','','1013555132atqq_com','男',NULL,'1013555132@qq.com','0.00','0','0','0','2','0','0','1417619955','1417620033','','','','10'), ('186','','5394735394038FB5EBDAD8D49DEB8C8B2815085B','5394735394038FB5EBDAD8D49DEB8C8B2815085B','dicoOt1h85m978af0796058f2b00f44aefafb3e5f1ea7163e55jLUgdFUrRr7','1417620017','cb6YYDwlska2a67235bce2d6a56442946aa4d592ba7ff658466Y1glFsdG3bS','','645560516atqq_com','男',NULL,'645560516@qq.com','0.00','0','0','0','2','0','0','1417620017','1417620019','','','','101'), ('187','','BF0899ABDB6609DC9086D04F41B87C938236CDEF','4C18FD703E447139A5C4816044DC9C6262A47F7F','MzAUP4Xl9bKde6eb7ad0e3e90d8de984960289d98a9dbd3587bGzv3nBuPdI6','1417620219','FjRsCNT3547f2afb8ae9c6.45411754','','596238641atqq_com','男',NULL,'596238641@qq.com','0.10','0','0','0','2','0','0','1417620086','1417620220','','','','10'), ('188','','1C00F59A454F4DBABD964900650AE4741C87166F','1C00F59A454F4DBABD964900650AE4741C87166F','SJCYP9hxzxXeda77482a80c660c44846263926d0e76aecfbef3THlwEYjaRO9','1417620127','vjQ5qZU_547f2af24f4da4.21525587','','pt7623661at163_com','男',NULL,'pt7623661@163.com','0.00','0','0','0','2','0','0','1417620127','1417869034','','','','10'), ('189','','32A030702B248BF2117412978BF6C17DFFC1FC20','32A030702B248BF2117412978BF6C17DFFC1FC20','se6fNTb32WY5889ee5def59179471dad3b294c6fc38748f1e40gNBwO9UxOEx','1417620169','q7c3UA7l547f2aee71bf45.94621870','','puxu198910at126_com','男',NULL,'puxu198910@126.com','0.00','0','0','0','2','0','0','1417620169','1417620207','','','','10'), ('190','','87A9805F52A8032E6294C460B2130E56B959106E','87A9805F52A8032E6294C460B2130E56B959106E','OOKy7PPgckU9185550a9db33c38a00ef58f19717e8ebe387e99EDcnzICu_uD','1417620240','jMdFqIOT547f2b13c65617.43648809','','1920825475atqq_com','男',NULL,'1920825475@qq.com','0.00','0','0','0','2','0','0','1417620240','1417620343','','','','10'), ('191','','5F114CC69AF993FA9EEFEC61E50A5B6B90B3641A','5F114CC69AF993FA9EEFEC61E50A5B6B90B3641A','4Oikq1pTHwC6d2332b5f3d506840075e77a9ae3afef0c7c4f75AIlwy9XinaR','1417620244','WkqH4q7q547f2b17ab1a48.70611592','','2683670363atqq_com','男',NULL,'2683670363@qq.com','0.00','0','0','1','2','1','1417699728','1417620244','1417699720','','','','10'), ('192','','89C42CADD5300059AA82E403772E0FE53CA088F3','89C42CADD5300059AA82E403772E0FE53CA088F3','J6X913DH4kzf183e672d8e5ec3ddc259762214954af30f02a9bZwTAYoEi8Fy','1417620418','HtvjKWGq547f2be7163515.39741540','','793545134atqq_com','男',NULL,'793545134@qq.com','0.00','0','0','0','2','0','0','1417620418','1417620421','','','','10'), ('193','','4AEB82179BD3D87FE17383CBF9B8B9C7CBCF5184','4AEB82179BD3D87FE17383CBF9B8B9C7CBCF5184','IMCZ1sZfJRb36a594d412a5bb89d8c411d7f5f34bfd56e8fb4aL8uJ3_9hX0C','1417620876','TlGfKCku547f2d8f269a32.73455167','','634312614atqq_com','男',NULL,'634312614@qq.com','0.00','0','0','0','2','0','0','1417620876','1417620931','','','','10'), ('194','','5F7A66103033C92277869D6B4FCC2E437D4585C6','5F7A66103033C92277869D6B4FCC2E437D4585C6','Rf4f5T8QCBh8b7c7fc153a466b379709b11b8d7318a4eb5e846dhVeJFXaPOL','1417621625','S0bFBBfa547f307b59b531.66521175','','1015536662atqq_com','男',NULL,'1015536662@qq.com','0.00','0','0','0','2','0','0','1417621625','1417621732','','','','10'), ('195','','BBD37C10020987E4AD39F13D2E9A9E617531DAD2','BBD37C10020987E4AD39F13D2E9A9E617531DAD2','_XS5AXzkIJ9039fa31e4f9292cdde5fb6949284cc2251e8e5c1FyK6zFjHpU6','1417621796','uJG6Kbvl547f316fb8ed88.24876008','','827048368atqq_com','男',NULL,'827048368@qq.com','0.00','0','0','1','2','1','1417621945','1417621796','1417622086','','','','10'), ('196','','58336CB8A731272255F51BB8672A7334D7D5A4F0','58336CB8A731272255F51BB8672A7334D7D5A4F0','VEJG8PUlNR130c1fb24479035f01e715749ca0196e763f30dc296IdRKHDwWD','1417622341','HI7EdgQN547f3349c1bb73.37173813','茂茂','天道酬勤','男','2010-08-08 00:00:00','845561509@qq.com','0.00','0','0','14','2','1','1418901448','1417622341','1418901445','845561509','','','10'), ('197','','B8F327006A7C4AD6FA87DF14F354B2C64A672200','B8F327006A7C4AD6FA87DF14F354B2C64A672200','cMqHOPkI_rI734c8ce6d3c7ef1e52af697e6ac0be4dfbd02d0dgueDuE5fRNP','1417622387','GZYvpYF1547f3374bb9742.97664426','','793545313atqq_com','男',NULL,'793545313@qq.com','0.00','0','0','0','2','0','0','1417622387','1417622387','','','','10'), ('198','','8588A616E08BE2B9EA6062F91555C64A0F102A3D','8588A616E08BE2B9EA6062F91555C64A0F102A3D','F4Ok36ezmWzb02549e74c4e3d7bedfcda132f3ae55ec1f17962UDD2NXBoftK','1417623021','knX6HGcO547f35efa8f599.13130157','','793545314atqq_com','男',NULL,'793545314@qq.com','0.00','0','0','1','2','1','1417623178','1417623021','1417623168','','','','10'), ('199','','DC274B608DA220012C6967C33D3E6F7FE39DB6D3','DC274B608DA220012C6967C33D3E6F7FE39DB6D3','TMRc_hLCvMEf7cd1c853a391d30393bc8b7fec65544674d1249xW0b87RArQz','1417661463','OfQ1VHtj547fcc289e2361.69689511','','yang714747734atqq_com','男',NULL,'yang714747734@qq.com','0.00','0','0','1','2','1','1417661615','1417661463','1417661482','','','','10'), ('200','','EE118EB5304CCB4A179939CCFC28728952BD0488','EE118EB5304CCB4A179939CCFC28728952BD0488','_8TeUiZ5G9he95c241e6a07b46fd4b26d34a555975c6e0970b1EWU5agoeJpo','1417662377','r5dAOqfD547fcfc95534a1.83100454','','luowenqiang1969atqq_com','男',NULL,'luowenqiang1969@qq.com','0.00','0','0','1','2','1','1417662665','1417662377','1417708378','','','','10'), ('201','','DAC714F3DC2683D0528942A7C5813B9DBB38657F','DAC714F3DC2683D0528942A7C5813B9DBB38657F','iNYGhOrCCFze09320a4ef125a0efe1693b12c2c08e0a989990f9zG0nQbBobE','1417662461','DY10YiRs547fd013736b64.97963300','','422628021atqq_com','男',NULL,'422628021@qq.com','0.10','0','0','1','2','1','1417666908','1417662461','1417670896','','','','10'), ('202','','02B853546AD282ACB0E335ACE5A816C0E92694C5','02B853546AD282ACB0E335ACE5A816C0E92694C5','HIvJCKL30Gh46d8f9b73c2d1285aa254969190c7d3ac618576cTF1iVaM_SFW','1417663074','QtDkXPFS547fd4c47860e1.71150441','','1271348718atqq_com','男',NULL,'1271348718@qq.com','0.00','0','0','0','2','0','0','1417663074','1417663076','','','','10'), ('203','','D9EA50BE70DE6DE96DF5F6E34743E805F9899FCD','D9EA50BE70DE6DE96DF5F6E34743E805F9899FCD','NjivAhwkLR7900c801d62f8e8f642bbd8ca20b58053c162484a_ORztavixOu','1417665104','knwswkLi547fdb6eae5b44.45930818','','719895483atqq_com','男',NULL,'719895483@qq.com','0.00','0','0','13','2','1','1418393678','1417665104','1418393574','','','','10'), ('204','','3B8DF3E9FCC2FBB29E7F50BE8F908B1BF2BA7C2B','3B8DF3E9FCC2FBB29E7F50BE8F908B1BF2BA7C2B','TKkMOeu1RRk40b1fadd410502d9cad53e667c4037227ab6eb3f5XIST66K59C','1417665392','C0gaRsiI547fdb91d70f54.34083027','','maomouthatqq_com','男',NULL,'maomouth@qq.com','0.10','0','0','0','2','0','0','1417665392','1417665428','','','','10'), ('205','','4C2C0AB18692D69FF5EBE04A74F544A602A385EA','4C2C0AB18692D69FF5EBE04A74F544A602A385EA','PGsxOS2P4hEf4beea24d6ddd5ee8c21f32e16d51ecdefba7812oHpJOmNLoyJ','1417666658','B0JlPrEW547fe08038e615.95237142','','2219834668atqq_com','男',NULL,'2219834668@qq.com','0.00','0','0','0','2','0','0','1417666658','1417666741','','','','10'), ('206','','53F136C1F03AF2A97A0FDF762F482E5D24D32428','53F136C1F03AF2A97A0FDF762F482E5D24D32428','EaAGCIiZTfF45ad0990e047f9c81670e04e8e6defccb285630cgARFfRqrEu0','1417667374','1x2Op1Ly547fe34fd4bb09.94775114','','1811450009atqq_com','男',NULL,'1811450009@qq.com','0.00','0','0','0','2','0','0','1417667374','1417667448','','','','10'), ('207','','B20D236714B70F8A619102EAEC3E3B94CEF393FE','B20D236714B70F8A619102EAEC3E3B94CEF393FE','NyDF1L0v4y095cd0c5cb00e87e1e82235c045aa18f94008661bLm6Czhn4Ic2','1417668542','pAIOq4j3547fe80fd78ba7.24404887','','2423932182atqq_com','男',NULL,'2423932182@qq.com','0.00','0','0','1','2','1','1417668656','1417668542','1417668625','','','','10'), ('208','','7E7B29746D8804E6B9B97E36A62078221D237E3A','7E7B29746D8804E6B9B97E36A62078221D237E3A','GnnJvtNiUiB1e955d84eac07ecaf2837b61098f376bbfc49f92NbMewTYdhuu','1417670470','MOK1fs1E547ff016d69f27.59471455','','1570482366atqq_com','男',NULL,'1570482366@qq.com','0.00','0','0','0','2','0','0','1417670470','1417670680','','','','10'), ('209','','8954BE45EFA97199780B3887092C7A68544E7C8D','8954BE45EFA97199780B3887092C7A68544E7C8D','ot24KBfD8qWefa0b96f65ea54a647fac671df9f4f1ad613dac7ZKvTKtlges9','1417673499','C8dixfHU547ffb3768dd43.01650530','','1349092251atqq_com','男',NULL,'1349092251@qq.com','0.00','0','0','0','2','0','0','1417673499','1417673589','','','','10'), ('210','','775C32C112C25678D540939E7C5F3BABA4FB5960','775C32C112C25678D540939E7C5F3BABA4FB5960','9pquNhHnBsR7d9f3313110b257df4670197b6b10adacc003b8bQnpZeKZLQg9','1417673597','UIal2XCc547ffb9bb3b690.31208888','','2272677019atqq_com','男',NULL,'2272677019@qq.com','0.00','0','0','0','2','0','0','1417673597','1417673629','','','','10'), ('211','','8FFAD36D2B9C3AC553399F7778DCCC06CC25D26D','8FFAD36D2B9C3AC553399F7778DCCC06CC25D26D','Y9eraRaDKEo2e8e6650271c1b702289d58b976cf6a14ceca878oBOsn7P1yw4','1417675225','XoascHwc548002393758b5.01366603','','444350244atqq_com','男',NULL,'444350244@qq.com','0.00','0','0','1','2','1','1417675419','1417675225','1417675322','','','','10'), ('212','','B308A06757A009DC89CED842C89BA1D8BAC67FD1','B308A06757A009DC89CED842C89BA1D8BAC67FD1','9K_9EkisZnQ95e0452e842be159cdfd2f332ee7db70de73f846HH1stXPdFme','1417675602','p8AwdK39548003891b3bf2.80100119','','779627851atqq_com','男',NULL,'779627851@qq.com','0.00','0','0','1','2','1','1417675875','1417675602','1417675658','','','','10'), ('213','','350F6EB7DF27B874DA6A0A939D6F266BBF8A10BF','350F6EB7DF27B874DA6A0A939D6F266BBF8A10BF','PTt4a9FizANe2662f8044e8632d15ce793776a453d93bee1796LxFgbEiPiUy','1417675701','VEcwrbnV548003c9971f50.44893931','','2990632655atqq_com','男',NULL,'2990632655@qq.com','0.00','0','0','0','2','0','0','1417675629','1417675785','','','','10'), ('214','','3A7FB3EC49ACB69032D4DCEC829B9B9054EB3DD2','3A7FB3EC49ACB69032D4DCEC829B9B9054EB3DD2','A2JF5kG1JVO037d4a21c1753354953b2332912d75518f536dfahsHHo390oax','1417676079','Oig74HkpG5ce4322e8d371300843c6c5f1e2ee48df8855ec60f1ia1SNsEc3X','','826198034atqq_com','男',NULL,'826198034@qq.com','0.00','0','0','0','2','0','0','1417676079','1417676082','','','','101'), ('215','','49BE3912D7B88E2347B5AF1CB7CF1F9F847F2D2C','49BE3912D7B88E2347B5AF1CB7CF1F9F847F2D2C','qOxXZzRODMC2a12de6b80cf00626a52c0292a8263c0a5330643TJaKOmkL9Ov','1417676325','l_EmLmB154800631b45407.15985719','','13087835350at163_com','男',NULL,'13087835350@163.com','0.00','0','0','1','2','1','1417676451','1417676325','1417696395','','','','10'), ('216','','8AF3AFA277751FFB8F5D6A8B985925523A9BF430','8AF3AFA277751FFB8F5D6A8B985925523A9BF430','FvxRzX9kLmT172626397a03380697c84ef3554c849527d083eapnSHMr1X0T6','1417676510','STakJbWQ54800767ce31d4.11018897','','1437109992atqq_com','男',NULL,'1437109992@qq.com','0.00','0','0','0','2','0','0','1417676474','1417676721','','','','10'), ('217','','73DA7CDEA9BF65F40FC82F773030B69767B6EC40','73DA7CDEA9BF65F40FC82F773030B69767B6EC40','90k2IP10Pz5483d4e7a8ce72318d75cebc9f1349a8c959bdc7e3PNAyBaiwWE','1417676903','FKB4GZcE548008766e8334.48713949','','3154386721atqq_com','男',NULL,'3154386721@qq.com','0.00','0','0','0','2','0','0','1417676573','1417676979','','','','10'), ('218','','A3A11C0E64B674A86B5ECD9993CBA59B88846C68','A3A11C0E64B674A86B5ECD9993CBA59B88846C68','ZoWdSQQjET3f259ef81c982d3abf5d886378012bb666b410cb4JQ34BkXtDUX','1417676730','bnuGW57q5480084e1c8a82.87006266','','1054048323atqq_com','男',NULL,'1054048323@qq.com','0.00','0','0','0','2','0','0','1417676730','1417676952','','','','10'), ('219','','40224111674DFBE3188F4503559B033940E0BC25','40224111674DFBE3188F4503559B033940E0BC25','4Bkt85QNj3t3169f590c7017efb73e1330bf91dc7d1494e33dcZIwwRdriILP','1417676984','rB1HWWe79XCc6cbfe55673ee2eb69f714db42c245c5d78cf915_m7bg2DuYR8','','yinjeheyaoxianatsina_com','男',NULL,'yinjeheyaoxian@sina.com','0.00','0','0','0','2','0','0','1417676984','1417676987','','','','101'), ('220','','2981372779E4CCAAA339A131B6EC26EF2EBECDD6','2981372779E4CCAAA339A131B6EC26EF2EBECDD6','fba_yNFzVzYf2881dfecf513cf84f0970f4d76a72d596ecadcfAZ4GbC5AFxk','1417676999','lygNNgxz548008ffc007a2.55496090','','1050220423atqq_com','男',NULL,'1050220423@qq.com','0.00','0','0','0','2','0','0','1417676999','1417677057','','','','10'), ('221','','F8520A1C1CD28FC70B92DB4EA8E4C3C79116486E','F8520A1C1CD28FC70B92DB4EA8E4C3C79116486E','n9Ku17jB0pof149c5463941283ea4aa8dbe6917ab5bac3fad80AqPGUT8OI2u','1417677217','YP9oTaxy548009e94dcf11.70772797','','1181887371atqq_com','男',NULL,'1181887371@qq.com','0.00','0','0','0','2','0','0','1417677183','1417677389','','','','10'), ('222','','EB6A036CCBF9B4A8E31B9378D865BB6208EA041D','EB6A036CCBF9B4A8E31B9378D865BB6208EA041D','Xnb2S902tBF72af23d8f7f08bc64e19ffa782b99b522fcaa976K5PlcBo5moD','1417677188','JSSxRaxH54800a2b62f576.49303446','','2468597404atqq_com','男',NULL,'2468597404@qq.com','0.00','0','0','0','2','0','0','1417677188','1417677356','','','','10'), ('223','','18D9D160A72BD2905009A6A305BDCCFFF8A9F5BD','18D9D160A72BD2905009A6A305BDCCFFF8A9F5BD','UlCYE8bGFClf9ba96d45803ba70adb3c88fe5347782b15fdd4fD8X2otjXQKy','1417677366','gkheqdPh54800a3b6df372.15221489','','2369006601atqq_com','男',NULL,'2369006601@qq.com','0.00','0','0','0','2','0','0','1417677366','1417677920','','','','10'), ('224','','AD7900DF00522105A9E8AED4341AB05BA6D65A28','AD7900DF00522105A9E8AED4341AB05BA6D65A28','6OnWnCYBVp8f00bd0681f6637960600991c69ba104303c16d5c8jhAlHxjU71','1417677769','OD91K4Al54800be5b20906.27660850','','1019930164atqq_com','男',NULL,'1019930164@qq.com','0.00','0','0','0','2','0','0','1417677769','1417677904','','','','10'), ('225','','1C0998DF29E89EDFC561C5347D24376AAAC4D91E','1C0998DF29E89EDFC561C5347D24376AAAC4D91E','Mta91U5OnXC7d0c35765cd97248191602764321f9149c211a73BElghvYZvxO','1417677807','t_inAWpJ54800c20f28982.80701607','','2379478024atqq_com','男',NULL,'2379478024@qq.com','0.00','0','0','0','2','0','0','1417677807','1417677858','','','','10'), ('226','','4782B148024C04F30D76A9A6787DAC9393D143D0','4782B148024C04F30D76A9A6787DAC9393D143D0','F5uIjz_FOiM7eb7412529a7b23aea304f02db5229db55321ae4aoAmAf4KNQl','1417678049','ZfbiAQfG54800d3ed7b6e4.18584256','','1159487245atqq_com','男',NULL,'1159487245@qq.com','0.00','0','0','0','2','0','0','1417678049','1417678144','','','','10'), ('227','','C3D9E28EA02F2DCD7D2EAA9CDDAA0272C8C6A8EE','C3D9E28EA02F2DCD7D2EAA9CDDAA0272C8C6A8EE','lkq9FPlsoiD35e6377adb169064f3f5e801faa96e025da59b1czP4zJGBRm7m','1417678781','eOQTODJD54800fdb184982.24106573','','540310359atqq_com','男',NULL,'540310359@qq.com','0.00','0','0','0','2','0','0','1417678781','1417678812','','','','10'), ('228','','5D65C79964E6F16169A8DC578E3023E77B0E9C1C','5D65C79964E6F16169A8DC578E3023E77B0E9C1C','t76GAMilrEOb5bcad378a89831fae8e548193130b523c59af167MBpPvtCcHs','1417678994','ZCHWNqUl548011d54a7d63.94388885','','867495249atqq_com','男',NULL,'867495249@qq.com','0.00','0','0','0','2','0','0','1417678994','1417679318','','','','10'), ('229','','66C0771C9D0553755F47250B985F904A5841C68C','66C0771C9D0553755F47250B985F904A5841C68C','sm8porDreqib60e4fe8ed820239260548d12e253ced2c7c8e53iBeKnVMPrlb','1417679071','OY8JUvHi54801123bd3bc8.75053524','','277514077atqq_com','男',NULL,'277514077@qq.com','0.00','0','0','1','2','1','1417679323','1417679071','1417679141','','','','10'), ('230','','04A1B13F4C0A38851175E7BEECD882DC5C958DDC','04A1B13F4C0A38851175E7BEECD882DC5C958DDC','31zHamOJ0hB11916c2132f19e4c85d380e933c70bdd726bcc4ef8rSCmrmYNS','1417679660','9jeO2IhMwX0d7c2e4cfe1bf4c53255bf44792de24b294cf2c07hTbUKjv7CVZ','','246022023atqq_com','男',NULL,'246022023@qq.com','0.00','0','0','0','2','0','0','1417679132','1417679135','','','','101'), ('231','','F7500FD789949A80363DD74777A596D552ECEA49','F7500FD789949A80363DD74777A596D552ECEA49','xj9AUSDlT7E3778cf07f49a44903491e16bee61900f1a558415FsqR6pi6Rxs','1417679234','gP5o_uu75480119c007d75.20140591','','929092724atqq_com','男',NULL,'929092724@qq.com','0.00','0','0','0','2','0','0','1417679234','1417679261','','','','10'), ('232','','8C104DE251B8781A381ACAA5617B32BDD48D0BFE','8C104DE251B8781A381ACAA5617B32BDD48D0BFE','oyYE8fqw7wI5e35d3458bbd7aa607d5c05727e81371062f2b04V184Mpx3fqT','1417679757','58TJvKvv548013c4ecfe77.74592664','','595042992atqq_com','男',NULL,'595042992@qq.com','0.00','0','0','0','2','0','0','1417679757','1417679814','','','','10'), ('233','','4FCC25599A39AD32C5C169B9903234EC06DD401D','4FCC25599A39AD32C5C169B9903234EC06DD401D','aJo2A2OqZjV503bade030dcb041377bbc86b2a62c8583571078xkPez87OUmQ','1417679883','HSdCVpz75480142009d992.51099622','','2460220023atqq_com','男',NULL,'2460220023@qq.com','0.00','0','0','0','2','0','0','1417679867','1417679959','','','','10'), ('234','','4F4CE6DCF19306F892F4D3E7ABAF1E381D49699C','4F4CE6DCF19306F892F4D3E7ABAF1E381D49699C','IPIlaxGndEnae229b32d0d45e719cd0582165a25e025bdc5fcdlNv2ZbvShzE','1417679880','dgTCERIz54801420d37367.87912823','','1337731340atqq_com','男',NULL,'1337731340@qq.com','0.00','0','0','1','2','1','1417680426','1417679880','1417679906','','','','10'), ('235','','29F07D1E46C0D5F12A8430EBE7AA47859F973242','29F07D1E46C0D5F12A8430EBE7AA47859F973242','C0TewKXRnRd6728257a96d67ccd061ade13355ecca377a2b0cdZfWifU39OgO','1417680105','4Dtmc8Ii5480155269cd60.63399814','','1529174553atqq_com','男',NULL,'1529174553@qq.com','0.00','0','0','0','2','0','0','1417680105','1417680214','','','','10'), ('236','','83F259948B7CE9CD578F6EBED595396B9BFDA29D','83F259948B7CE9CD578F6EBED595396B9BFDA29D','nzauuiXEvbM2a3712a5c3a364ed3bc2c8bbc3af9afc59476bc6PHWjN7UWFSO','1417680522','QuORNxeX548016b0118d18.75949314','','1228134940atqq_com','男',NULL,'1228134940@qq.com','0.00','0','0','0','2','0','0','1417680522','1417680608','','','','10'), ('237','','2BDD1A5757BEF84B47B8F37BDC2842E0C44A65EC','2BDD1A5757BEF84B47B8F37BDC2842E0C44A65EC','Rab0mzTOf3M7653f9fa29a39b1662795f02c307006c50deae83KATPfy2azD0','1417682105','rGVScXRd54801ce3240965.94802003','','1115743568atqq_com','男',NULL,'1115743568@qq.com','0.00','0','0','1','2','1','1417682174','1417682105','1417682170','','','','10'), ('238','','D80C7AC466E691B8DFD593C7BCF1BBEA08DAD227','D80C7AC466E691B8DFD593C7BCF1BBEA08DAD227','BIv9yBiXrM9e365ff7c6931bf440b1e40867fe39f9fa2f73719Gjp1yO3qntZ','1417683320','n9MQYV7M5480219a741be2.91392298','','www_sxz_1996atqq_com','男',NULL,'www.sxz.1996@qq.com','0.00','0','0','0','2','0','0','1417683310','1417683435','','','','10'), ('239','','1CDA27A1B6294EB278F4885362A88E929987BD94','1CDA27A1B6294EB278F4885362A88E929987BD94','3wJyTWtP_7s260bca90107da2875f2277db1473714fbb69e870nsvU4hyXHQL','1417683840','kvKH7EoW548023b950b9b2.21543747','','lt9396at126_com','男',NULL,'lt9396@126.com','0.10','0','0','1','2','1','1417685399','1417683840','1417685370','','','','10'), ('240','','3944CAAE035273CB2DA6D6F1FBEA158B55D53781','3944CAAE035273CB2DA6D6F1FBEA158B55D53781','Txf6vEaZmYj4c08ea2b22d230986435cebf84087c556128354ek6McDG8kSsY','1417683965','sMjLxKrL5480241555d0d1.97858002','','ltyqiuzhiat163_com','男',NULL,'ltyqiuzhi@163.com','0.00','0','0','0','2','0','0','1417683965','1417683990','','','','10'), ('241','','761985B4A5E09CC016FA0F8DF9787D3344503F80','761985B4A5E09CC016FA0F8DF9787D3344503F80','UxJW6mQsTdye836e78dd52a4d84003865dc93571071ad3859e3dfIOtrrb8g0','1417684074','b_OEbQxdA1N2177ba608a817af423f5a5c63872598ed8d9ff6fQPU5wXAVOC3','','christinaatbigoranger_com','男',NULL,'christina@bigoranger.com','0.00','0','0','0','2','0','0','1417684074','1417684076','','','','101'), ('242','','95C3715B20F6D3F76746CF12BCEE0DA454E97387','95C3715B20F6D3F76746CF12BCEE0DA454E97387','47iSTUkoAWUbe445e0103bdd8eeb8fbef13feed166d937971a141AgVBTVtY7','1417684128','K12fDmvu548024bd852426.54465801','','947873095atqq_com','男',NULL,'947873095@qq.com','0.10','0','0','1','2','1','1417685298','1417684128','1417685249','','','','10');
INSERT INTO `user` VALUES ('243','','07427A79A40101BC9B295D8B4D078D01CA99433C','07427A79A40101BC9B295D8B4D078D01CA99433C','VyDLDm5wUY12b373438e71cc652bffb07b1decfaf1f7b7ef31akOzlTnHysko','1417684206','GkUoPDvp54802536632e91.06128748','','975754824atqq_com','男',NULL,'975754824@qq.com','0.00','0','0','0','2','0','0','1417684206','1417684279','','','','10'), ('244','','9E6B4234D1B2B35CD387E6690A0B84070CBA6984','9E6B4234D1B2B35CD387E6690A0B84070CBA6984','mZqMi7YP1C038de57f6adef7ea032614e378d4db69eae732397n6zCpHBdO0s','1420341995','EY6y0caY548029f598f7b0.31139500','','喵喵无双','男','1992-08-03 00:00:00','1085074153@qq.com','0.00','0','0','393','2','4','1422493588','1417685476','1422493582','','','','10'), ('245','','69619508A602C64CA430A872A237336A6818CAAC','69619508A602C64CA430A872A237336A6818CAAC','ikiUOs5Sox0533dfacca3a318266a19e23ac511a5711adfc1ed7cOTXBiKxeQ','1417691979','3AMzL46l54804393ce5095.07846740','','1093352565atqq_com','男',NULL,'1093352565@qq.com','0.00','0','0','0','2','0','0','1417691979','1417692053','','','','10'), ('246','','32FF22F6313B86A50D728F2322C3E032BD11C227','32FF22F6313B86A50D728F2322C3E032BD11C227','dWwgfgS5Bsi4f3742674c4299c05074ad0138af15bf06ac10b1wNxOb9oKtW2','1417692297','Huo57H0V548044bde39b18.22417191','','1639968428atqq_com','男',NULL,'1639968428@qq.com','0.00','0','0','1','2','1','1417692372','1417692297','1417692351','','','','10'), ('247','','6F3C1303C215731A74994833A04EB364853F1D2F','6F3C1303C215731A74994833A04EB364853F1D2F','tygo_QXzTCf134bfca3558db446a1e9b7d5b90e9048b100a81ceUGdQoiR57n','1417695134','nwXkxLS954804fb9a4a494.11854965','','1098357951atqq_com','男',NULL,'1098357951@qq.com','0.00','0','0','0','2','0','0','1417695134','1417695163','','','','10'), ('248','','98C3334C1302ABC36CDE5B5CBE756770581B50A9','98C3334C1302ABC36CDE5B5CBE756770581B50A9','TTSJxPTFuSOeb62f0c3ca2e8e110c05416352133d37f2d5caec9h9vq6VeXzO','1417695318','eUDmjZJ6548050b62731a2.59143987','','531704784atqq_com','男',NULL,'531704784@qq.com','0.00','0','0','0','2','0','0','1417695318','1417695415','','','','10'), ('249','','02B93F2E967C7C0FB3160FBA12AC031FE62C9C00','02B93F2E967C7C0FB3160FBA12AC031FE62C9C00','acjCHD1Lhnz3ebfbf5c0102542cebf214d15f08a9f84acad5a9XoSF0rXvBc3','1417695507','h0Bw7sMT5480515a6d36c4.10102054','','2497601973atqq_com','男',NULL,'2497601973@qq.com','0.00','0','0','0','2','0','0','1417695507','1417695579','','','','10'), ('250','','B210E263C70BDD5EFF3DB89F3C83FBC40571F13F','B210E263C70BDD5EFF3DB89F3C83FBC40571F13F','Lqa1oblZxG2c6c02daf63c5dcb43fac2e0785e2f13faa0a6abdwtcYCVdeV_z','1417695734','oeuMAOmb5480521dc2fad8.35218706','','1052146511atqq_com','男',NULL,'1052146511@qq.com','0.00','0','0','0','2','0','0','1417695734','1417695775','','','','10'), ('251','','4A21F219EEC736FF6030AF273B3CB13515991EA7','4A21F219EEC736FF6030AF273B3CB13515991EA7','KT_pRk9Ybh3ed8ac19875f27d8ca9331d92c2c9600ad5f176e2wFBx7h6nXLX','1417695950','bfOIVbiR548053243c8081.11830951','','806238308atqq_com','男',NULL,'806238308@qq.com','0.00','0','0','0','2','0','0','1417695950','1417696037','','','','10'), ('252','','F388872E6EEA4AB904574FE87D885AF7F5F230AC','F388872E6EEA4AB904574FE87D885AF7F5F230AC','nNn09D865dP3099a8b8b72a699a728972e5ebae84bf925c8457d9OUl_kZa4X','1417696209','l9DAOjzf548054434087b8.88426635','','903845043atqq_com','男',NULL,'903845043@qq.com','0.00','0','0','0','2','0','0','1417696209','1417696324','','','','10'), ('253','','32DD3BF174C2D4E59E277EDB0A531DEF78B94CCE','32DD3BF174C2D4E59E277EDB0A531DEF78B94CCE','DFiZZVngAxrb0433bb0405893461fa9f51340d842230f1463adFtdtRNW8bo5','1417696445','GrBYMp2L548054e99a5677.15827494','','1094100921atqq_com','男',NULL,'1094100921@qq.com','0.00','0','0','0','2','0','0','1417696445','1417696491','','','','10'), ('254','','3D97954C7EF8C2693591358A2AEB34940E4111CD','3D97954C7EF8C2693591358A2AEB34940E4111CD','OBn0IdebF6L18169b70ab6537f9238efc07f69a696c6f1d2928gLWQK4fskcp','1417696567','Erec3cb154805551856123.33950409','','550261724atqq_com','男',NULL,'550261724@qq.com','0.00','0','0','0','2','0','0','1417696567','1417696595','','','','10'), ('255','','8F5CFABD7397D62E005D05411CD687FCCE354E01','8F5CFABD7397D62E005D05411CD687FCCE354E01','juYRylHbXxGd568cf147870e09707d52caf5659825d8a5d27faX3lodEu6tOr','1417696584','X8kvP0wo548055c02887f0.87337434','','1357364642atqq_com','男',NULL,'1357364642@qq.com','0.00','0','0','0','2','0','0','1417696584','1417697368','','','','10'), ('256','','536143A5EB19331AD565DF2E228C939BF09BB846','536143A5EB19331AD565DF2E228C939BF09BB846','1xh6wHcHP8z47f04af0fc96e7246fc137a0823ec7a03529a693DlY4FJwlcaK','1417696921','DPXMyV8z548056c5313af4.52248322','','1257380294atqq_com','男',NULL,'1257380294@qq.com','0.00','0','0','0','2','0','0','1417696721','1417696995','','','','10'), ('257','','EA2D5662401E5333DC126A1A34898F90AE288033','EA2D5662401E5333DC126A1A34898F90AE288033','zL7iBsaHWip1110c46a8202dcb593fe36f7b6cf65ab96bfd94ehwopdEUy6gG','1417697033','5vIqzM815480577c569b28.24897288','','1026337293atqq_com','男',NULL,'1026337293@qq.com','0.00','0','0','0','2','0','0','1417697033','1417697150','','','','10'), ('258','','DF61D4C20077A16D3399FCA9F5A52F6E31809CF1','DF61D4C20077A16D3399FCA9F5A52F6E31809CF1','8B5y3hIZiasff6893166a197bf272226e8301c6b27e4fb41f13dtzP4dGrFp3','1417697096','D3PGQhc75480578563d4b4.40746752','','1239215132atqq_com','男',NULL,'1239215132@qq.com','0.00','0','0','0','2','0','0','1417697096','1417697158','','','','10'), ('259','','E94968803B0BA3673C286C3FC652952CC7859068','E94968803B0BA3673C286C3FC652952CC7859068','9OJtrFZMOOKc9e836db646211afa3f8e93099681d5880336d6aobGlTVoR1zE','1417697261','auRTDuC85480580eb53984.95922733','','1781920320atqq_com','男',NULL,'1781920320@qq.com','0.00','0','0','0','2','0','0','1417697261','1417697296','','','','10'), ('260','','E3818F2069901F198D335A31EC7970C7C9F094B6','E3818F2069901F198D335A31EC7970C7C9F094B6','JLnIl34m7j41302eb971f28ff614b5b1d4420c271b2ed85796a8Y2eoU9Eq_h','1417698037','39pPcqSVjkvf632245b606f0c878589e6a0591d85b1d3e2f587O9hrmfIuJyQ','','13087835350atsina_com','男',NULL,'13087835350@sina.com','0.00','0','0','0','2','0','0','1417697383','1417697837','','','','101'), ('261','','78142DFB9C484FF3670C65738C20ECB0791474A8','78142DFB9C484FF3670C65738C20ECB0791474A8','nyTetHVmfI2e73bc375a5523723a59de3ffb0687bb23e1f318dPQ0_1uIhrpL','1417697517','cywwrq5O54805923846185.23324014','','dabenxionghahahaatqq_com','男',NULL,'dabenxionghahaha@qq.com','0.00','0','0','0','2','0','0','1417697517','1417697573','','','','10'), ('262','','D590994013A1148B449355AE7A28A9015A4E8B6F','D590994013A1148B449355AE7A28A9015A4E8B6F','X7ltgNQq3e31307fdcb81d01ac2d37acf7d9746e104692425b9u6n2JubknOp','1417697915','UKy3qCBq54805ab3bea8b9.17739686','','dsdwg950202at163_com','男',NULL,'dsdwg950202@163.com','0.00','0','0','0','2','0','0','1417697915','1417697973','','','','10'), ('263','','E8E31B3D2CEFEF5D82AFC44C21D9DB0F2EC4EEB6','E8E31B3D2CEFEF5D82AFC44C21D9DB0F2EC4EEB6','P2CMOvLEKWoabdebb206037955fea945881640c167b18650fb6AlXjR9dDQ4V','1417698126','aErdfDcF54805b627cf4b3.16825592','','nishidoubi950202at163_com','男',NULL,'nishidoubi950202@163.com','0.00','0','0','0','2','0','0','1417698126','1417698147','','','','10'), ('264','','CB8C19D08910F82D8649679866D24FE4572CF6A8','CB8C19D08910F82D8649679866D24FE4572CF6A8','1Inkc9V3ozy67fb88c4d73ac3a03c7dd6770d8409f70f70e1adzoBFQNeruty','1417698237','S7gvgklG54805bd64f2d08.37894448','','dabenxiong950202at163_com','男',NULL,'dabenxiong950202@163.com','0.00','0','0','0','2','0','0','1417698237','1417698263','','','','10'), ('265','','177F2458476F8149000C3E823A117570A2DACAC7','177F2458476F8149000C3E823A117570A2DACAC7','FOKVZBR5ryU6b43b1974dfe83fb8241e36ec3a0b5aea34e0875ON3RHKwjDrO','1417698396','xZuGk84a54805c71a528f5.50466651','','xiaoxuanxuandoubiat163_com','男',NULL,'xiaoxuanxuandoubi@163.com','0.00','0','0','0','2','0','0','1417698396','1417698419','','','','10'), ('266','','77A6C4504E1A9141BED401700A1ACF4709376638','77A6C4504E1A9141BED401700A1ACF4709376638','R8SH3qE7cmibe128968c9c37c0b23aef3a95cd8bd53a11be7b0k9wqVOjKSy1','1417698713','7QF6kY5q54805dcd1eb4c2.47218701','','609671409atqq_com','男',NULL,'609671409@qq.com','0.00','0','0','0','2','0','0','1417698713','1417698766','','','','10'), ('267','','61A8FBD7D9678F9FB50FBCF838954A7A6D35B7EB','61A8FBD7D9678F9FB50FBCF838954A7A6D35B7EB','4aGMzKF8MfW616487aea37f51edb8589df86379bdbef96b9eaeQJEeNVfuhZN','1417699329','STDtKFZ15480601b226c84.22372348','','1084774992atqq_com','男',NULL,'1084774992@qq.com','0.00','0','0','0','2','0','0','1417699329','1417699356','','','','10'), ('268','','A4C3F1BDFE24C4EC1AE87D5735D8721AD7593251','A4C3F1BDFE24C4EC1AE87D5735D8721AD7593251','bNaOFJfrOk7972a407d9b5be4d2c265456587fb132e1a129075K4QZh3lJTzN','1417699585','PhOumLLs54806314ef39c4.60713657','','1079874931atqq_com','男',NULL,'1079874931@qq.com','0.00','0','0','0','2','0','0','1417699585','1417699588','','','','10'), ('269','','AB24638F3FC7DF6E1A29C51A7E855366CF261DED','AB24638F3FC7DF6E1A29C51A7E855366CF261DED','_BnPo0WUxyl4bf1085cb776ca1d73556ac70b235d605139f9f5M3Wz3xfH3Od','1417699684','2pzPNHOmN3Habfc6cc8ce83547d641fc32918f86ef9e6b5fc0dSKpgeF60DVU','','1910757769atqq_com','男',NULL,'1910757769@qq.com','0.00','0','0','0','2','0','0','1417699684','1417699686','','','','101'), ('270','','E60C927196BBF7AA03B6D56F73E6324FAEA0590B','E60C927196BBF7AA03B6D56F73E6324FAEA0590B','aZ2Zojd2M9272e37db7b3df1ae5573e7731cc0c11bf3ee96f11CnuUPnv2pqq','1417700043','unVPTlBH5480631c362ed2.02015569','','920349300atqq_com','男',NULL,'920349300@qq.com','0.00','0','0','0','2','0','0','1417700043','1417700125','','','','10'), ('271','','1634DD8D6BD7E4A9FC0BAA4617E8D636B8471E7F','1634DD8D6BD7E4A9FC0BAA4617E8D636B8471E7F','_o0Y12KYZ1y6146e6a7fab0a36bf131624f07de6126473611dfKEIQwdAchJL','1417700077','0v4ZE48T5480639db715e5.24709814','','553632472atqq_com','男',NULL,'553632472@qq.com','0.00','0','0','32','2','2','1418907009','1417700077','1418906980','','','','10'), ('272','','317B7E446272BD81CF60C635BA614CC619BA9658','317B7E446272BD81CF60C635BA614CC619BA9658','BWGZVJqKOMyceacd4ea4ea7835227c2fbd547fe89445b92719f60TW9EP0Zx8','1417700330','LlBN1sl55480641d345e83.74425758','','heyongxia199010at163_com','男',NULL,'heyongxia199010@163.com','0.00','0','0','0','2','0','0','1417700330','1417700382','','','','10'), ('273','','99EC1BE977FBC84B5EBA1BA707967BBACD2A3634','99EC1BE977FBC84B5EBA1BA707967BBACD2A3634','vUPFbMxdVGIc8df232d023e7b3943e81c6d18b9dc1c398d972aNuiIN5Mpc6C','1417701822','Q0xJ9HQS548069e556d0f9.98017921','','1330984942atqq_com','男',NULL,'1330984942@qq.com','0.00','0','0','0','2','0','0','1417701822','1417702047','','','','10'), ('274','','A3E489E09E6EA1873543C7E7714DB67FB73AB67D','A3E489E09E6EA1873543C7E7714DB67FB73AB67D','28Hqvumy4Gjaf69d72587bd8b9c90916ac27eeb6ac752e8d90aJkd7enZ7thZ','1417702701','MhxZPFd854806d3b869a86.03751652','','2241776459atqq_com','男',NULL,'2241776459@qq.com','0.00','0','0','0','2','0','0','1417702494','1417702716','','','','10'), ('275','','064B45F645A7EE6C909036971B939025709EF803','064B45F645A7EE6C909036971B939025709EF803','LCN2fvxWAS007b29567c65cefe1f350bbebc3df26d4e88966f31zPbqE1V7Mz','1417702888','Yuf0Oo6C54806dea313275.50389087','','463009904atqq_com','男',NULL,'463009904@qq.com','0.00','0','0','1','2','1','1417703057','1417702888','1417703048','','','','10'), ('276','','500745803ABBBBA2F7BE08F85CD63F68449A3B97','500745803ABBBBA2F7BE08F85CD63F68449A3B97','9fbvKISm2li760866cf32944d8b64b3e803643fc81f1f64476cx9pAsPjeZO3','1417703004','S5aquXGc54806e60b63702.83980346','','1620242852atqq_com','男',NULL,'1620242852@qq.com','0.00','0','0','0','2','0','0','1417703004','1417703241','','','','10'), ('277','','5BC1709041679835E06C44A9FAD3CAEDA9AC70CA','5BC1709041679835E06C44A9FAD3CAEDA9AC70CA','m5rYgljR49z66d733bd14f66ee4e24086e80b78a88da1572bd8WnRsP75ZPfk','1417703838','u7lL283E548071a12c6002.73807363','','1553071454atqq_com','男',NULL,'1553071454@qq.com','0.00','0','0','0','2','0','0','1417703838','1417703941','','','','10'), ('278','','0E5691AC49C15A21D3C58C04D28CD81827B545CE','0E5691AC49C15A21D3C58C04D28CD81827B545CE','ol6ALVStVP0f9cdf0b5413f3c359bc1c73dcd64be6fc75d80fdR_CbUXLgBOd','1417704166','EiFK5mT64I967cbf46cdb0f92b7c02ad13879159373bef8bbadHmEC1s3Syew','','2973986377atqq_com','男',NULL,'2973986377@qq.com','0.00','0','0','0','2','0','0','1417704160','1417704163','','','','101'), ('279','','D952D96FCE29758E7CCBDFA57DDA7FA11FB74CB6','D952D96FCE29758E7CCBDFA57DDA7FA11FB74CB6','BABvrLrsrJDa505cbd9ac5feb3655b52975437525c6c8875b32CJrcJ7jRCnp','1417704391','CqiQ2szw548073cab781a0.56824836','','2073986377atqq_com','男',NULL,'2073986377@qq.com','0.00','0','0','0','2','0','0','1417704391','1417704472','','','','10'), ('280','','1F3A61059BF08902A063CA80B5C4F6F46C7549C3','1F3A61059BF08902A063CA80B5C4F6F46C7549C3','qYaoPM5jM153e1cc142a5e6ef56318a79ff508b8343b536a10bXUNUetOTfi4','1417704945','K7Oc6A8c548076119b9ad5.67065726','','lingyang2012at126_com','男',NULL,'lingyang2012@126.com','0.00','0','0','0','2','0','0','1417704945','1417704979','','','','10'), ('281','','D32B24AB2226C7633E16313F899EF20E5C098DA5','D32B24AB2226C7633E16313F899EF20E5C098DA5','p0_FravUEs0e9cfa9d9450b6472933c9d47adc5a5dff09c640eGNkROFU0Gl5','1417705274','ZZc66u0s5480773b9b6e23.76740107','','373413566atqq_com','男',NULL,'373413566@qq.com','0.00','0','0','0','2','0','0','1417705274','1417705274','','','','10'), ('282','','A8F2AAA78171C55AF927BE70829F9E12814FF0AE','A8F2AAA78171C55AF927BE70829F9E12814FF0AE','UGXXjtXI30j766e00779aab0c1e805609342462cd0b099b792aEowOsFO16Pt','1417713034','FJ2XIEUY5480958bdcb579.23795599','','136886650atqq_com','男',NULL,'136886650@qq.com','0.00','0','0','0','2','0','0','1417713034','1417713115','','','','10'), ('283','','2466DAC651811CF94B791297EE0F2D2A7AE1734C','2466DAC651811CF94B791297EE0F2D2A7AE1734C','OFjUnjUfIJy8c0c4ef07d18724f146089d703dfc50d0b0ddc8bSUObbz9HSND','1417745903','02Qryixn5481162d7e8121.36991036','','1126516722atqq_com','男',NULL,'1126516722@qq.com','0.00','0','0','0','2','0','0','1417745903','1417745967','','','','10'), ('284','','D212F01E7895D00476BA5C980AC85C47E1A61C41','D212F01E7895D00476BA5C980AC85C47E1A61C41','odgi4LATMPF4ec81b68e4e74f9fc7ca5dbe4daf2667bb792375pr9H8v4vYPl','1417746089','C2vg_zGE548116fe3b6fd3.65932531','','1511237553atqq_com','男',NULL,'1511237553@qq.com','0.00','0','0','0','2','0','0','1417746089','1417746175','','','','10'), ('287','','37099BDAEC8623E740368CD84FD71298D8D32B7A','37099BDAEC8623E740368CD84FD71298D8D32B7A','Ors6R2cBcgq72a368d5ce6dfe141876b2f0adbf43968ff61618s827aSQBCbX','1417747984','aHELMml754811e255a0951.38028844','','zhoumeng1107at163_com','男',NULL,'zhoumeng1107@163.com','0.00','0','0','0','2','0','0','1417747930','1417748007','','','','10'), ('288','','CF67FCF5C9F4BD5F1BC81F6CD314100D75AB3AE5','CF67FCF5C9F4BD5F1BC81F6CD314100D75AB3AE5','lVBmIYuz1PM2ed158d576a5c20bb19dc38acbc9a191745739a2WTTSKMaSNWQ','1417752530','mcA0BxfP54812fd55a3483.04193246','','1921853343atqq_com','男',NULL,'1921853343@qq.com','0.00','0','0','0','2','0','0','1417752530','1417752636','','','','10'), ('289','','5792E8F712BE130EE382E587531A7FFC5170DEC2','5792E8F712BE130EE382E587531A7FFC5170DEC2','lubbnoAP0WPf6562ef617443e00934b556be0795c2f93f1fd710Pcl2CT6aFm','1417755897','9ja9Qn0y54813d1e1f7613.68030695','','Az_S','男','0000-00-00 00:00:00','1052941488@qq.com','0.00','0','0','1','2','1','1417755973','1417755897','1417755935','','','','10'), ('290','','3C25CCA38B6B688CF5BB494CD635F30E2B48B981','3C25CCA38B6B688CF5BB494CD635F30E2B48B981','EQ3PGZorZ8286377ba174f30068abac7218fc6637d9cfd5896a7wjCjWW6is8','1417757243','TbBDPho154814273949884.69944004','','601140559atqq_com','男',NULL,'601140559@qq.com','0.00','0','0','1','2','1','1417757313','1417757243','1417757300','','','','10'), ('291','','1181B4562477529F6D91E6FA54CCB38A9AEBFF1F','1181B4562477529F6D91E6FA54CCB38A9AEBFF1F','a5AfFpAgHkB4537cccc647502d9a80297ee33cd2053e05502a7LcPxZswLNgb','1417757309','UYvt9f6K5481438b374529.34981205','','1048013024atqq_com','男',NULL,'1048013024@qq.com','0.00','0','0','0','2','0','0','1417757309','1417757924','','','','10'), ('292','','88EE14A41568694042005AFD98201DE166CA96BB','88EE14A41568694042005AFD98201DE166CA96BB','jzGwz61ucMG999881452e809437aeb6aef5cc8734eb46b98a622jaakT6aXmB','1417758230','xje9RnBmtnBa352a1238ba4cd0f1b61e3e2a5f33f40e574183dG0NhmDpxG6x','','2689085910atqq_com','男',NULL,'2689085910@qq.com','0.00','0','0','0','2','0','0','1417758230','1417758233','','','','101'), ('293','','FA85FC4B766DF6174DEE82ECFF35079E717D0CAF','FA85FC4B766DF6174DEE82ECFF35079E717D0CAF','f5jo9RArhtb9f18b9074d8c44c01bca38b43fab2afa73413730CJyj7ip4o2W','1417786287','jzENIOJa5481b3cf204464.59005458','','wjj1993at163_com','男',NULL,'wjj1993@163.com','0.00','0','0','1','2','1','1417786352','1417786287','1417786320','','','','10'), ('294','','4FA630FBB8D55FF5006AD0C8D5F80BAE14699FC7','4FA630FBB8D55FF5006AD0C8D5F80BAE14699FC7','sBWP3TNKdpTa972fc3d9d5eae19571faf1c593ceb7c51cd6ffffxr06kDsKMf','1417788172','ARrofp2C5481bb1bb8b414.59531607','','524413441atqq_com','男',NULL,'524413441@qq.com','0.00','0','0','0','2','0','0','1417788172','1417788189','','','','10'), ('295','','5ADFC66B3AC856DCC6848316C5532C7254309B8F','5ADFC66B3AC856DCC6848316C5532C7254309B8F','avAC3iMUHYWacad35f0d84007030884278831512abfc63ac925WHjOKRRWJ0t','1417840907','lyGvK4Z8548289310f0546.48151287','','1484502650atqq_com','男',NULL,'1484502650@qq.com','0.00','0','0','0','2','0','0','1417840907','1417840946','','','','10'), ('296','','241DF2598375F50446AF6091DF2BB9066B192533','241DF2598375F50446AF6091DF2BB9066B192533','lDOVLhBLtj7185be357def94818de777f76c8f229553b4d8a46zCuLnOZjoQs','1417840937','eJYDBJDs5482892bcc1902.98392180','','1697587854atqq_com','男',NULL,'1697587854@qq.com','0.00','0','0','0','2','0','0','1417840937','1417841104','','','','10'), ('297','','CD941BE3E2E009D0024F63783E7869723ED0157E','CD941BE3E2E009D0024F63783E7869723ED0157E','FRjb1gsGEmj3ceee0b9bf6fd7503613cd78649045d2d906741bWDU9bZeTAgk','1417841106','w45Qb1JlW9t145b79098d4b0c8032774563da429a41e58ebf15RsvwHpUxlVt','','947411073atqq_com','男',NULL,'947411073@qq.com','0.00','0','0','0','2','0','0','1417841083','1417841085','','','','101'), ('298','','682D3002B6D5E9E33D149763A8AD750BF53F8BDA','682D3002B6D5E9E33D149763A8AD750BF53F8BDA','sp48ep2Wjzi0295286b93d49f23059bc135f73ad9487caeffe7bJwlaNaweDc','1417868041','gs19S0pQ5482f321031558.36249988','','826713433atqq_com','男',NULL,'826713433@qq.com','0.00','0','0','1','2','1','1417868178','1417868041','1417868066','','','','10'), ('299','','61680ED7C8F05635F102A0EB2FDFD56EB233AC85','61680ED7C8F05635F102A0EB2FDFD56EB233AC85','hZknMu79Ovid39dd2aa6b53344dba077066e32a996983771025W4Fan0sa8X1','1417951060','13vi5Bm0548437715cb201.51138728','','404413936atqq_com','男',NULL,'404413936@qq.com','0.00','0','0','2','2','1','1418361370','1417951060','1418361272','','','','10'), ('300','','394E909847268F641EEA94DD50D39A96FA0D954E','394E909847268F641EEA94DD50D39A96FA0D954E','acYGsPCQKGGc8e598b6a43569ab902147a3bff47bbc2a00d50815YAFQwBEYO','1418007533','jvYh4vQy5485140b5c9bb7.14881091','','398298004atqq_com','男',NULL,'398298004@qq.com','0.00','0','0','18','2','1','1418614685','1418007533','1418744963','','','','10'), ('301','','B50ED0DB671364BB6424A6E3C6575EA6C8205EB9','B50ED0DB671364BB6424A6E3C6575EA6C8205EB9','fimiPllGtwVd7199d2b514367f07b9f4a18d800a4468e3e33f3qCemJAA27Yr','1418019906','3UjDP89R54854485be2096.29937401','','1061453697atqq_com','男',NULL,'1061453697@qq.com','0.00','0','0','1','2','1','1418019992','1418019906','1418019975','','','','10'), ('302','','9012133AD58CE6ED0EBD83423B6F5C547974D7A0','9012133AD58CE6ED0EBD83423B6F5C547974D7A0','j09QKhDN6Hff0206c3883ca175e3c2433d93724596a922cfe8aKootUuJ6C2t','1418020127','vqCI20sy54854532acb181.07178348','','1970296987atqq_com','男',NULL,'1970296987@qq.com','0.00','0','0','0','2','0','0','1418020127','1418020148','','','','10'), ('303','','64ED7E84069F468184CDBEBF32B8A8B04281C540','64ED7E84069F468184CDBEBF32B8A8B04281C540','DSDLG9hQXRlf18abe5ac0849a923288a52af1ffc53544be876bMo8kzRFrAGP','1418020331','hrjh5XqR548546c53dacb1.35048301','','2681867091atqq_com','男',NULL,'2681867091@qq.com','0.00','0','0','0','2','0','0','1418020331','1418020550','','','','10'), ('304','','C0FF69F1C73BBEDB90FA86776D6E0DC32C3B775F','C0FF69F1C73BBEDB90FA86776D6E0DC32C3B775F','bEAr1HSJJsT351515b9aa90f9186f52c4845526942376b772a3jouVHxs8ZyI','1418020372','9tjOPFAf54854648a3c884.07150753','','646416264atqq_com','男',NULL,'646416264@qq.com','0.00','0','0','0','2','0','0','1418020372','1418020426','','','','10'), ('305','','2C7CB2DEB82CA0BBF188F0F6FB6431B20FB2A044','2C7CB2DEB82CA0BBF188F0F6FB6431B20FB2A044','aBd1LwXmSYE2432c1aa64fd9877d5912e7349a734ad027476e5821sg2j29NJ','1418020656','aIHr1hgo54854767364fe8.80977928','','569767245atqq_com','男',NULL,'569767245@qq.com','0.00','0','0','0','2','0','0','1418020656','1418020712','','','','10'), ('306','','9A50C7CF78265714AE3345FF38C9454E19E40430','9A50C7CF78265714AE3345FF38C9454E19E40430','YdWATdV7hnbd3e9a934d137e54dc1311f03640b8ac4409f84b0PK4ZnwxmrhO','1418020660','joCudvMYQ2K8d60415fb07a1dca340fcdefe6466c8b50fe3976WYmUPrWOov0','','10366654957atqq_com','男',NULL,'10366654957@qq.com','0.00','0','0','0','2','0','0','1418020660','1418020662','','','','101'), ('307','','7B595D0A24D8FEB794A58370144E2C14E5F8CC5B','7B595D0A24D8FEB794A58370144E2C14E5F8CC5B','HclRsu1RZam91150566604e0a4cc9d8b086dfbe591cb4a089efoaHQKbrqWnX','1418020795','mQDu1Va5548547d98940e8.97334412','','522665751atqq_com','男',NULL,'522665751@qq.com','0.00','0','0','0','2','0','0','1418020795','1418020826','','','','10'), ('308','','77C205F46F06D8625F5165BEBF84FFA85678E5DF','77C205F46F06D8625F5165BEBF84FFA85678E5DF','QKZNFg25DbR787fdf0577232569c46c7196abf9e062bf6012fdBh1LgMziM1U','1418020900','IHUzKnAq5485482856bea8.99242064','','1443925442atqq_com','男',NULL,'1443925442@qq.com','0.00','0','0','0','2','0','0','1418020900','1418021092','','','','10'), ('309','','50F5DDCA75185AE4FE46CF0F365AE0EB5E6E79A9','50F5DDCA75185AE4FE46CF0F365AE0EB5E6E79A9','L3d1x1Up8iKcec21cb3f7eced11bdee39628f6c4408393452eeMAWtI6fPNLL','1418020944','hfI9gVQV5485486c930608.31337603','','1036654957atqq_com','男',NULL,'1036654957@qq.com','0.00','0','0','0','2','0','0','1418020944','1418020973','','','','10'), ('310','','59C6469E6DD6B53A6B4F5DF6E287D64DF9B3BA7E','59C6469E6DD6B53A6B4F5DF6E287D64DF9B3BA7E','OZMkoADnV6H954fa5f224515f0ccae67bfdc0b683edf1df9949XYd44C0zIJx','1418021037','So6yeWwF548548c5b62be0.29896295','','cdl10003at126_com','男',NULL,'cdl10003@126.com','0.00','0','0','0','2','0','0','1418021037','1418021063','','','','10'), ('311','','6B9C5ECD33E571BF7E9A942B9305AD72E600179E','6B9C5ECD33E571BF7E9A942B9305AD72E600179E','ynJRCA0fnIJ591cd7a64d150561fb5cc95d6d91e92a328255e8ID8eXcZvcWZ','1418031168','nXovgfOH548570c2510580.68395672','','871340192atqq_com','男',NULL,'871340192@qq.com','0.00','0','0','0','2','0','0','1418031168','1418031299','','','','10'), ('312','','7A45E98C35CEB702C364A0901CAF271F97E13DCD','7A45E98C35CEB702C364A0901CAF271F97E13DCD','eAF99HevhQD85367b5bfd0c42ebafa3dfdbb81179216f076822vFzV2ZB08v2','1418031958','LzaafvOf548573a3e76eb4.59035423','','1240429952atqq_com','男',NULL,'1240429952@qq.com','0.00','0','0','0','2','0','0','1418031958','1418032037','','','','10'), ('313','','2046B01E7E10B18ADE3F339AC8A234D798585236','2046B01E7E10B18ADE3F339AC8A234D798585236','aoJjgJAOe3X2018acfc5f099c525cf04adf86df47104aed9bd1nB9mfNHfBOH','1418032439','dS80NkXU548575991c5ba5.44631268','','1223361808atqq_com','男',NULL,'1223361808@qq.com','0.00','0','0','0','2','0','0','1418032439','1418032538','','','','10'), ('314','','2D6E51255925A81F301C037FEE11B9B671494392','2D6E51255925A81F301C037FEE11B9B671494392','0mIeh4JEc4g28b4f171ebaf43df204d9f41d5f0ca7d3be9dda9qHOZIiIf5xZ','1418032765','VYw97hji548576bcb12f37.85165545','','544469086atqq_com','男',NULL,'544469086@qq.com','0.00','0','0','0','2','0','0','1418032765','1418032830','','','','10'), ('315','','FC01A3E1541ED27E73F0092F25380A8038E785B8','FC01A3E1541ED27E73F0092F25380A8038E785B8','2UE9Ou8gkXs7bebc4fa386039dc4c56411ad2ffb2e0de2ff7f9QPvIOfaqZlH','1418134417','2fHtoH5c548703a035a626.11932932','陈诗佳','绵绵','女','0000-00-00 00:00:00','474318782@qq.com','0.00','0','0','2','2','1','1418134835','1418134417','1418134433','','','','10'), ('316','','8251BE65D225561B43D2CE93DD02A9ACA45D53C8','8251BE65D225561B43D2CE93DD02A9ACA45D53C8','pDjYuF9BhFRf250ac0ec067a7db44c511cd463628619322122atNOHzlxCpKl','1418727539','NPNPJDuI5490114c5bfc11.72113378','','sissi','男','0000-00-00 00:00:00','378475461@qq.com','0.00','0','0','6','2','1','1418727763','1418727539','1418727757','','','','10'), ('317','SystemDefault','SystemDefault','7AC0A71ED073A8AEDBD011A13CB5A4FD','SystemDefault','0','','SystemDefault','0','男',NULL,'SystemDefault','10.00','0','0','99','2','0','1415375999','0','0',NULL,NULL,NULL,'1024');
INSERT INTO `user_address` VALUES ('43','0','0','0','0','0','1','10','0'), ('51','76','15519541738','15519541738','1115743568','贵州财经大学二号公寓245','0','10','0'), ('52','76','15519541737','15519541738','954481021','贵州财经大学2号公寓','0','10','0'), ('53','74','张先生','18650867945','2448273821','二栋','0','10','0'), ('54','74','张先生','18650867945','2448273821','二栋','0','10','0'), ('94','94','lyl','18799865321','','211','1','10','0'), ('109','72','424234','15555555555','4234234','4234234','0','10','0'), ('115','116','123123','15519541782','234928349','使得开发商的客户','0','10','0'), ('129','121','小黑','18966666666','','贵财','1','10','0'), ('137','113','张同学','13027856025','','翠竹苑2栋','0','10','1416920738'), ('142','120','123','15512345678','','fds','1','10','0'), ('144','124','蔡军','15519541738','','贵州财经大学',NULL,'10','0'), ('145','116','李清伟','15519541782','','贵州省财经大学','1','10','0'), ('153','150','文济凤','15519541833','','财大翠竹苑3栋372','1','10','0'), ('154','125','蛋蛋','15519541775','','笃行楼B栋指尖科技','0','10','0'), ('158','119','周同学','18798638561','714571611','翠竹苑2#254','1','10','1416660893'), ('159','152','张先生','18611111111','','翠竹苑二栋','0','-1','1416277912'), ('160','152','张sir','15511111111','','创业园指尖科技','0','-1','1416278021'), ('161','151','yw','15085974910',NULL,'贵财','1','10','1416394841'), ('162','152','张同学','18650867945','2448273821','翠竹苑2栋243','1','10','1417572742'), ('163','155','小张','15927536328',NULL,'武汉理工大学','0','10','1416572142'), ('164','155','MrOne','13458769333',NULL,'贵才','0','10','1416573702'), ('165','164','DLG','15512345678','1004667455','花溪','1','10','1417402542'), ('166','164','邓先生','18745577894','100467452','印花院','0','10','1417402534'), ('167','165','Dongds','13854541214',NULL,'qxndlg@163.com','1','10','1417414253'), ('168','113','张同学','18650867945','','翠竹苑2栋243','0','10','1420093615'), ('169','170','李若愚','13885432227',NULL,'河北省秦皇岛市海港区泰山路143号，东北大学秦皇岛分校。','1','10','1417608399'), ('170','172','阮同学','15519541813',NULL,'2栋   ','1','10','1417619021'), ('171','196','杨再茂','18275388034','845561509','贵州省贵安新区大学城贵州财经大学学生公寓翠竹苑2栋','1','10','1417622759'), ('172','239','龙廷艳','18275329396',NULL,'贵州财经大学3#374','1','10','1417686075'), ('173','271','刘峻溶','15519173973',NULL,'贵州省贵阳市花溪区大学城贵州财经大学','1','10','1417758916'), ('174','203','光倩倩','13984156104',NULL,'5号公寓328','0','10','1417854903'), ('175','203','黄倩倩','13984156104',NULL,'贵财5号公寓328','1','10','1417854961'), ('176','300','李子豪','13027857138',NULL,'翠竹园2栋233','0','10','1418011828'), ('177','316','伊','18275136052',NULL,'贵财','1','10','1418727991'), ('178','113','Zero','18650867945',NULL,'243','0','-1','1418914882'), ('179','151','阿里啦咯','15117838662',NULL,'萝莉控','0','10','1425390240');
INSERT INTO `user_avatar` VALUES ('1','2','Avatar','xxx','10','0'), ('2','94','Avatar','xxx','10','0'), ('3','106','Avatar','xxx','10','0'), ('4','107','Avatar','xxx','10','0'), ('5','112','Avatar','xxx','10','0'), ('7','114','Avatar','xxx','10','0'), ('8','115','Avatar','xxx','10','0'), ('10','117','Avatar','头像','10','0'), ('11','120','Avatar','头像','10','0'), ('13','121','Avatar','头像','10','0'), ('16','124','Avatar','头像','10','0'), ('18','126','Avatar','头像','10','1'), ('21','130','Avatar','头像','10','1'), ('22','131','Avatar','头像','10','1'), ('23','0','Avatar','SYS','10','0'), ('57','149','Avatar_14158894030244.jpg','头像','10','0'), ('60','125','Avatar_14159320414824.jpg','头像','10','0'), ('69','153','Avatar','头像','10','1'), ('70','113','Avatar_14162971530117.jpg','头像','10','0'), ('71','154','Avatar','头像','10','1'), ('72','151','Avatar_1416396748181.jpg','头像','10','0'), ('73','152','Avatar_14164546195689.jpg','头像','10','0'), ('74','123','Avatar_14165696237054.jpg','头像','10','0'), ('76','155','Avatar_1416571751254.png','头像','10','0'), ('77','116','Avatar_14166361182611.png','头像','10','0'), ('78','157','Avatar','头像','10','1'), ('79','159','Avatar','头像','10','1'), ('80','160','Avatar','头像','10','1'), ('81','161','Avatar','头像','10','1'), ('82','162','Avatar','头像','10','1'), ('83','163','Avatar','头像','10','1'), ('84','150','Avatar_14172292520091.jpg','头像','10','0'), ('91','164','Avatar_14174031589126.jpg','头像','10','0'), ('93','165','Avatar_14174148768431.jpg','头像','10','0'), ('94','166','Avatar','头像','10','1'), ('95','167','Avatar','头像','10','1'), ('96','168','Avatar','头像','10','1'), ('97','169','Avatar','头像','10','1'), ('102','170','Avatar_14176082676993.png','头像','10','0'), ('103','171','Avatar','头像','10','1'), ('104','172','Avatar','头像','10','1'), ('105','173','Avatar','头像','10','1'), ('106','174','Avatar','头像','10','1'), ('108','176','Avatar','头像','10','1'), ('109','177','Avatar','头像','10','1'), ('110','178','Avatar','头像','10','1'), ('111','179','Avatar','头像','10','1'), ('112','180','Avatar','头像','10','1'), ('113','181','Avatar','头像','10','1'), ('114','182','Avatar','头像','10','1'), ('115','183','Avatar','头像','10','1'), ('116','184','Avatar','头像','10','1'), ('117','185','Avatar','头像','10','1'), ('118','186','Avatar','头像','10','1'), ('119','187','Avatar','头像','10','1'), ('120','188','Avatar','头像','10','1'), ('121','189','Avatar','头像','10','1'), ('122','190','Avatar','头像','10','1'), ('123','191','Avatar','头像','10','1'), ('124','175','Avatar_14176204171663.jpg','头像','10','0'), ('125','192','Avatar','头像','10','1'), ('126','193','Avatar','头像','10','1'), ('127','194','Avatar','头像','10','1'), ('128','195','Avatar','头像','10','1'), ('130','197','Avatar','头像','10','1'), ('132','198','Avatar','头像','10','1'), ('134','196','Avatar_14176232673124.jpg','头像','10','0'), ('135','199','Avatar','头像','10','1'), ('136','200','Avatar','头像','10','1'), ('137','201','Avatar','头像','10','1'), ('138','202','Avatar','头像','10','1'), ('139','203','Avatar','头像','10','1'), ('140','204','Avatar','头像','10','1'), ('141','205','Avatar','头像','10','1'), ('142','206','Avatar','头像','10','1'), ('143','207','Avatar','头像','10','1'), ('144','208','Avatar','头像','10','1'), ('145','209','Avatar','头像','10','1'), ('146','210','Avatar','头像','10','1'), ('147','211','Avatar','头像','10','1'), ('148','212','Avatar','头像','10','1'), ('149','213','Avatar','头像','10','1'), ('150','214','Avatar','头像','10','1'), ('151','215','Avatar','头像','10','1'), ('152','216','Avatar','头像','10','1'), ('153','217','Avatar','头像','10','1'), ('154','218','Avatar','头像','10','1'), ('155','219','Avatar','头像','10','1'), ('156','220','Avatar','头像','10','1'), ('157','221','Avatar','头像','10','1'), ('158','222','Avatar','头像','10','1'), ('159','223','Avatar','头像','10','1'), ('160','224','Avatar','头像','10','1'), ('161','225','Avatar','头像','10','1'), ('162','226','Avatar','头像','10','1'), ('163','227','Avatar','头像','10','1'), ('164','228','Avatar','头像','10','1'), ('165','229','Avatar','头像','10','1'), ('166','230','Avatar','头像','10','1'), ('167','231','Avatar','头像','10','1');
INSERT INTO `user_avatar` VALUES ('168','232','Avatar','头像','10','1'), ('169','233','Avatar','头像','10','1'), ('170','234','Avatar','头像','10','1'), ('171','235','Avatar','头像','10','1'), ('172','236','Avatar','头像','10','1'), ('173','237','Avatar','头像','10','1'), ('174','238','Avatar','头像','10','1'), ('175','239','Avatar','头像','10','1'), ('176','240','Avatar','头像','10','1'), ('177','241','Avatar','头像','10','1'), ('178','242','Avatar','头像','10','1'), ('179','243','Avatar','头像','10','1'), ('180','244','Avatar','头像','10','1'), ('181','245','Avatar','头像','10','1'), ('182','246','Avatar','头像','10','1'), ('183','247','Avatar','头像','10','1'), ('184','248','Avatar','头像','10','1'), ('185','249','Avatar','头像','10','1'), ('186','250','Avatar','头像','10','1'), ('187','251','Avatar','头像','10','1'), ('188','252','Avatar','头像','10','1'), ('189','253','Avatar','头像','10','1'), ('190','254','Avatar','头像','10','1'), ('191','255','Avatar','头像','10','1'), ('192','256','Avatar','头像','10','1'), ('193','257','Avatar','头像','10','1'), ('194','258','Avatar','头像','10','1'), ('195','259','Avatar','头像','10','1'), ('196','260','Avatar','头像','10','1'), ('197','261','Avatar','头像','10','1'), ('198','262','Avatar','头像','10','1'), ('199','263','Avatar','头像','10','1'), ('200','264','Avatar','头像','10','1'), ('201','265','Avatar','头像','10','1'), ('202','266','Avatar','头像','10','1'), ('203','267','Avatar','头像','10','1'), ('204','268','Avatar','头像','10','1'), ('205','269','Avatar','头像','10','1'), ('206','270','Avatar','头像','10','1'), ('208','272','Avatar','头像','10','1'), ('209','273','Avatar','头像','10','1'), ('210','274','Avatar','头像','10','1'), ('211','275','Avatar','头像','10','1'), ('212','276','Avatar','头像','10','1'), ('213','277','Avatar','头像','10','1'), ('214','278','Avatar','头像','10','1'), ('215','279','Avatar','头像','10','1'), ('216','280','Avatar','头像','10','1'), ('217','281','Avatar','头像','10','1'), ('218','282','Avatar','头像','10','1'), ('219','283','Avatar','头像','10','1'), ('220','284','Avatar','头像','10','1'), ('221','285','Avatar','头像','10','1'), ('222','286','Avatar','头像','10','1'), ('223','287','Avatar','头像','10','1'), ('224','288','Avatar','头像','10','1'), ('225','271','Avatar_14177541195653.jpg','头像','10','0'), ('226','289','Avatar','头像','10','1'), ('227','290','Avatar','头像','10','1'), ('228','291','Avatar','头像','10','1'), ('229','292','Avatar','头像','10','1'), ('230','293','Avatar','头像','10','1'), ('231','294','Avatar','头像','10','1'), ('232','295','Avatar','头像','10','1'), ('233','296','Avatar','头像','10','1'), ('234','297','Avatar','头像','10','1'), ('235','298','Avatar','头像','10','1'), ('236','299','Avatar','头像','10','1'), ('237','300','Avatar','头像','10','1'), ('238','301','Avatar','头像','10','1'), ('239','302','Avatar','头像','10','1'), ('240','303','Avatar','头像','10','1'), ('241','304','Avatar','头像','10','1'), ('242','305','Avatar','头像','10','1'), ('243','306','Avatar','头像','10','1'), ('244','307','Avatar','头像','10','1'), ('245','308','Avatar','头像','10','1'), ('246','309','Avatar','头像','10','1'), ('247','310','Avatar','头像','10','1'), ('248','311','Avatar','头像','10','1'), ('249','312','Avatar','头像','10','1'), ('250','313','Avatar','头像','10','1'), ('251','314','Avatar','头像','10','1'), ('253','315','Avatar_14177709907378.jpg','头像','10','0'), ('254','316','Avatar','头像','10','1'), ('258','119','Avatar_14189565707482.jpg','头像','10','0');
INSERT INTO `user_grade` VALUES ('0','50','Lv1 幼儿园','1',NULL,'50','10'), ('51','201','Lv2 一年级','2',NULL,'150','10'), ('202','702','Lv3 二年级','3',NULL,'500','10'), ('703','1903','Lv4 三年级 ','4',NULL,'1200','10'), ('1904','4404','Lv5 四年级','5',NULL,'2500','10'), ('4405','8905','Lv6 五年级','6',NULL,'4500','10'), ('8906','15906','Lv7 六年级','7',NULL,'7000','10'), ('15907','25907','Lv8 七年级','8',NULL,'10000','10'), ('25908','40909','Lv9 八年级','9',NULL,'15000','10');
